Workbook

Sheet (BAD)Data analyized
A1: 0.05 | F1: 0.05 | K1: 0.05 | P1: 0.05 | U1: 0.1 | Z1: 0.1 | AE1: 0.1 | AJ1: 0.1 | AO1: 0.1 | AT1: 0.1 | AY1: 0.15 | BD1: 0.15 | BI1: 0.15 | BN1: 0.15 | BS1: 0.15 | BX1: 0.15 | CC1: 0.2 | CH1: 0.2 | CM1: 0.2 | CR1: 0.2 | CW1: 0.25 | DB1: 0.25 | DG1: 0.25 | DL1: 0.25 | DQ1: 0.3 | DV1: 0.3 | EA1: 0.3 | EF1: 0.3 | EK1: 0.3 | EP1: 0.3 | EU1: 0.3 | EZ1: 0.3 | FE1: 0.35 | FJ1: 0.35 | FO1: 0.35 | FT1: 0.35 | FY1: 0.4 | GD1: 0.4 | GI1: 0.4 | GN1: 0.4 | GS1: 0.45 | GX1: 0.45 | HC1: 0.45 | HH1: 0.45 | HM1: 0.5 | HR1: 0.5 | HW1: 0.5 | IB1: 0.5 | IG1: 0.5 | IL1: 0.5 | IQ1: 0.5 | IV1: 0.5
A2: Cell 13 Timestamp | B2: 5pct Cell 13 Current | C2: 5pct Cell 13 Voltage | D2: 5pct Cell 13 Temp | E2: Cell 13 Resistance | F2: Cell 14 Timestamp | G2: 5pct Cell 14 Current | H2: 5pct Cell 14 Voltage | I2: 5pct Cell 14 Temp | J2: Cell 14 Resistance | K2: Cell 15 Timestamp | L2: 5pct Cell 15 Current | M2: 5pct Cell 15 Voltage | N2: 5pct Cell 15 Temp | O2: Cell 15 Resistance | P2: Cell 16 Timestamp | Q2: 5pct Cell 16 Current | R2: 5pct Cell 16 Voltage | S2: 5pct Cell 16 Temp | T2: Cell 16 Resistance | U2: Cell 11 Timestamp | V2: 10pct Cell 11 Current | W2: 10pct Cell 11 Voltage | X2: 10pct Cell 11 Temp | Y2: Cell 11 Resistance | Z2: Cell 12 Timestamp | AA2: 10pct Cell 12 Current | AB2: 10pct Cell 12 Voltage | AC2: 10pct Cell 12 Temp | AD2: Cell 12 Resistance | AE2: Cell 13 Timestamp | AF2: 10pct Cell 13 Current | AG2: 10pct Cell 13 Voltage | AH2: 10pct Cell 13 Temp | AI2: Cell 13 Resistance | AJ2: Cell 14 Timestamp | AK2: 10pct Cell 14 Current | AL2: 10pct Cell 14 Voltage | AM2: 10pct Cell 14 Temp | AN2: Cell 14 Resistance | AO2: Cell 15 Timestamp | AP2: 10pct Cell 15 Current | AQ2: 10pct Cell 15 Voltage | AR2: 10pct Cell 15 Temp | AS2: Cell 15 Resistance | AT2: Cell 16 Timestamp | AU2: 10pct Cell 16 Current | AV2: 10pct Cell 16 Voltage | AW2: 10pct Cell 16 Temp | AX2: Cell 16 Resistance | AY2: Cell 9 Timestamp | AZ2: 15pct Cell 9 Current | BA2: 15pct Cell 9 Voltage | BB2: 15pct Cell 9 Temp | BC2: Cell 9 Resistance | BD2: Cell 10 Timestamp | BE2: 15pct Cell 10 Current | BF2: 15pct Cell 10 Voltage | BG2: 15pct Cell 10 Temp | BH2: Cell 10 Resistance | BI2: Cell 11 Timestamp | BJ2: 15pct Cell 11 Current | BK2: 15pct Cell 11 Voltage | BL2: 15pct Cell 11 Temp | BM2: Cell 11 Resistance | BN2: Cell 12 Timestamp | BO2: 15pct Cell 12 Current | BP2: 15pct Cell 12 Voltage | BQ2: 15pct Cell 12 Temp | BR2: Cell 12 Resistance | BS2: Cell 9 Timestamp | BT2: 15pct Cell 9 Current | BU2: 15pct Cell 9 Voltage | BV2: 15pct Cell 9 Temp | BW2: Cell 9 Resistance | BX2: Cell 10 Timestamp | BY2: 15pct Cell 10 Current | BZ2: 15pct Cell 10 Voltage | CA2: 15pct Cell 10 Temp | CB2: Cell 10 Resistance | CC2: Cell 5 Timestamp | CD2: 20pct Cell 5 Current | CE2: 20pct Cell 5 Voltage | CF2: 20pct Cell 5 Temp | CG2: Cell 5 Resistance | CH2: Cell 6 Timestamp | CI2: 20pct Cell 6 Current | CJ2: 20pct Cell 6 Voltage | CK2: 20pct Cell 6 Temp | CL2: Cell 6 Resistance | CM2: Cell 7 Timestamp | CN2: 20pct Cell 7 Current | CO2: 20pct Cell 7 Voltage | CP2: 20pct Cell 7 Temp | CQ2: Cell 7 Resistance | CR2: Cell 8 Timestamp | CS2: 20pct Cell 8 Current | CT2: 20pct Cell 8 Voltage | CU2: 20pct Cell 8 Temp | CV2: Cell 8 Resistance | CW2: Cell 1 Timestamp | CX2: 25pct Cell 1 Current | CY2: 25pct Cell 1 Voltage | CZ2: 25pct Cell 1 Temp | DA2: Cell 1 Resistance | DB2: Cell 2 Timestamp | DC2: 25pct Cell 2 Current | DD2: 25pct Cell 2 Voltage | DE2: 25pct Cell 2 Temp | DF2: Cell 2 Resistance | DG2: Cell 3 Timestamp | DH2: 25pct Cell 3 Current | DI2: 25pct Cell 3 Voltage | DJ2: 25pct Cell 3 Temp | DK2: Cell 3 Resistance | DL2: Cell 4 Timestamp | DM2: 25pct Cell 4 Current | DN2: 25pct Cell 4 Voltage | DO2: 25pct Cell 4 Temp | DP2: 25pct Cell 4 Resistance | DQ2: 30pct Cell 9 Timestamp | DR2: 30pct Cell 9 Current | DS2: 30pct Cell 9 Voltage | DT2: 30pct Cell 9 Temp | DU2: 30pct Cell 9 Resistance | DV2: Cell 10 Timestamp | DW2: 30pct Cell 10 Current | DX2: 30pct Cell 10 Voltage | DY2: 30pct Cell 10 Temp | DZ2: Cell 10 Resistance | EA2: Cell 11 Timestamp | EB2: 30pct Cell 11 Current | EC2: 30pct Cell 11 Voltage | ED2: 30pct Cell 11 Temp | EE2: Cell 11 Resistance | EF2: Cell 12 Timestamp | EG2: 30pct Cell 12 Current | EH2: 30pct Cell 12 Voltage | EI2: 30pct Cell 12 Temp | EJ2: Cell 12 Resistance | EK2: 30pct Cell 13 Timestamp | EL2: 30pct Cell 13 Current | EM2: 30pct Cell 13 Voltage | EN2: 30pct Cell 13 Temp | EO2: Cell 13 Resistance | EP2: Cell 14 Timestamp | EQ2: 30pct Cell 14 Current | ER2: 30pct Cell 14 Voltage | ES2: 30pct Cell 14 Temp | ET2: Cell 14 Resistance | EU2: Cell 15 Timestamp | EV2: 30pct Cell 15 Current | EW2: 30pct Cell 15 Voltage | EX2: 30pct Cell 15 Temp | EY2: Cell 15 Resistance | EZ2: Cell 16 Timestamp | FA2: 30pct Cell 16 Current | FB2: 30pct Cell 16 Voltage | FC2: 30pct Cell 16 Temp | FD2: Cell 16 Resistance | FE2: 35pct Cell 9 Timestamp | FF2: 35pct Cell 9 Current | FG2: 35pct Cell 9 Voltage | FH2: 35pct Cell 9 Temp | FI2: Cell 9 Resistance | FJ2: Cell 10 Timestamp | FK2: 35pct Cell 10 Current | FL2: 35pct Cell 10 Voltage | FM2: 35pct Cell 10 Temp | FN2: Cell 10 Resistance | FO2: Cell 11 Timestamp | FP2: 35pct Cell 11 Current | FQ2: 35pct Cell 11 Voltage | FR2: 35pct Cell 11 Temp | FS2: Cell 11 Resistance | FT2: 35pct Cell 12 Timestamp | FU2: 35pct Cell 12 Current | FV2: 35pct Cell 12 Voltage | FW2: 35pct Cell 12 Temp | FX2: Cell 12 Resistance | FY2: Cell 5 Timestamp | FZ2: 40pct Cell 5 Current | GA2: 40pct Cell 5 Voltage | GB2: 40pct Cell 5 Temp | GC2: Cell 5 Resistance | GD2: Cell 6 Timestamp | GE2: 40pct Cell 6 Current | GF2: 40pct Cell 6 Voltage | GG2: 40pct Cell 6 Temp | GH2: Cell 6 Resistance | GI2: Cell 7 Timestamp | GJ2: 40pct Cell 7 Current | GK2: 40pct Cell 7 Voltage | GL2: 40pct Cell 7 Temp | GM2: Cell 7 Resistance | GN2: Cell 8 Timestamp | GO2: 40pct Cell 8 Current | GP2: 40pct Cell 8 Voltage | GQ2: 40pct Cell 8 Temp | GR2: Cell 8 Resistance | GS2: Cell 1 Timestamp | GT2: 45pct Cell 1 Current | GU2: 45pct Cell 1 Voltage | GV2: 45pct Cell 1 Temp | GW2: Cell 1 Resistance | GX2: Cell 2 Timestamp | GY2: 45pct Cell 2 Current | GZ2: 45pct Cell 2 Voltage | HA2: 45pct Cell 2 Temp | HB2: Cell 2 Resistance | HC2: Cell 3 Timestamp | HD2: 45pct Cell 3 Current | HE2: 45pct Cell 3 Voltage | HF2: 45pct Cell 3 Temp | HG2: Cell 3 Resistance | HH2: Cell 4 Timestamp | HI2: 45pct Cell 4 Current | HJ2: 45pct Cell 4 Voltage | HK2: 45pct Cell 4 Temp | HL2: 45pct Cell 4 Resistance | HM2: Cell 9 Timestamp | HN2: 50pct Cell 9 Current | HO2: 50pct Cell 9 Voltage | HP2: 50pct Cell 9 Temp | HQ2: Cell 9 Resistance | HR2: Cell 10 Timestamp | HS2: 50pct Cell 10 Current | HT2: 50pct Cell 10 Voltage | HU2: 50pct Cell 10 Temp | HV2: Cell 10 Resistance | HW2: Cell 11 Timestamp | HX2: 50pct Cell 11 Current | HY2: 50pct Cell 11 Voltage | HZ2: 50pct Cell 11 Temp | IA2: Cell 11 Resistance | IB2: Cell 12 Timestamp | IC2: 50pct Cell 12 Current | ID2: 50pct Cell 12 Voltage | IE2: 50pct Cell 12 Temp | IF2: Cell 12 Resistance | IG2: Cell 13 Timestamp | IH2: 50pct Cell 13 Current | II2: 50pct Cell 13 Voltage | IJ2: 50pct Cell 13 Temp | IK2: Cell 13 Resistance | IL2: Cell 14 Timestamp | IM2: 50pct Cell 14 Current | IN2: 50pct Cell 14 Voltage | IO2: 50pct Cell 14 Temp | IP2: Cell 14 Resistance | IQ2: Cell 15 Timestamp | IR2: 50pct Cell 15 Current | IS2: 50pct Cell 15 Voltage | IT2: 50pct Cell 15 Temp | IU2: Cell 15 Resistance | IV2: Cell 16 Timestamp | IW2: 50pct Cell 16 Current | IX2: 50pct Cell 16 Voltage | IY2: 50pct Cell 16 Temp | IZ2: Cell 16 Resistance
A3: 10-24-2025-Fri 18-46-37-PM | B3: -0.2 | C3: 5.848 | D3: -54.6468 | E3: -36.55 | F3: 10-24-2025-Fri 18-46-37-PM | G3: 0.2 | H3: 5.864 | I3: -51.927 | J3: 36.65 | K3: 10-24-2025-Fri 18-46-37-PM | L3: 0.2 | M3: 5.848 | N3: -54.4818 | O3: 36.55 | P3: 10-24-2025-Fri 18-46-37-PM | Q3: 0.1 | R3: 5.856 | S3: -53.343 | T3: 73.2 | U3: 10-24-2025-Fri 18-46-37-PM | V3: 0.1 | W3: 5.856 | X3: -56.2626 | Y3: 73.2 | Z3: 10-24-2025-Fri 18-46-37-PM | AA3: 0.2 | AB3: 5.86 | AC3: -52.642 | AD3: 36.625 | AE3: 09-12-2025-Fri 12-24-42-PM | AF3: 0.2 | AG3: 5.944 | AH3: -50.5862 | AI3: 37.15 | AJ3: 09-12-2025-Fri 12-24-42-PM | AK3: 0 | AL3: 5.96 | AM3: -50.024 | AN3: inf | AO3: 09-12-2025-Fri 12-24-42-PM | AP3: 0.1 | AQ3: 5.948 | AR3: -50.5202 | AS3: 74.35 | AT3: 09-12-2025-Fri 12-24-42-PM | AU3: 0.2 | AV3: 5.952 | AW3: -50.372 | AX3: 37.2 | AY3: 09-12-2025-Fri 12-24-42-PM | AZ3: 0.1 | BA3: 5.944 | BB3: -52.8979 | BC3: 74.3 | BD3: 09-12-2025-Fri 12-24-42-PM | BE3: 0.3 | BF3: 5.952 | BG3: -51.313 | BH3: 24.8 | BI3: 09-12-2025-Fri 12-24-42-PM | BJ3: 0.1 | BK3: 5.952 | BL3: -51.2799 | BM3: 74.4 | BN3: 09-12-2025-Fri 12-24-42-PM | BO3: 0.4 | BP3: 5.952 | BQ3: -50.09 | BR3: 18.6 | BS3: 10-24-2025-Fri 18-46-37-PM | BT3: 0.3 | BU3: 5.848 | BV3: -58.3719 | BW3: 24.3667 | BX3: 10-24-2025-Fri 18-46-37-PM | BY3: 0.2 | BZ3: 5.86 | CA3: -54.809 | CB3: 36.625 | CR3: 10-24-2025-Fri 18-46-37-PM | CS3: 0.3 | CT3: 5.856 | CU3: -52.2046 | CV3: 24.4 | CW3: 10-24-2025-Fri 18-46-37-PM | CX3: 0.1 | CY3: 5.848 | CZ3: -54.083 | DA3: 73.1 | DQ3: 09-05-2025-Fri 20-13-43-PM | DR3: 0.1 | DS3: 5.904 | DT3: -64.5911 | DU3: 73.8 | DV3: 09-05-2025-Fri 20-13-43-PM | DW3: 0.4 | DX3: 5.912 | DY3: -63.166 | DZ3: 18.475 | EA3: 09-05-2025-Fri 20-13-43-PM | EB3: 0.2 | EC3: 5.912 | ED3: -63.2432 | EE3: 36.95 | EF3: 09-05-2025-Fri 20-13-43-PM | EG3: 0.3 | EH3: 5.908 | EI3: -61.521 | EJ3: 24.6167 | EK3: 09-27-2025-Sat 13-27-36-PM | EL3: 0.1 | EM3: 5.956 | EN3: -64.9854 | EO3: 74.45 | EP3: 09-27-2025-Sat 13-27-36-PM | EQ3: 0.2 | ER3: 5.972 | ES3: -63.012 | ET3: 37.325 | EU3: 09-27-2025-Sat 13-27-36-PM | EV3: 0.2 | EW3: 5.96 | EX3: -63.7035 | EY3: 37.25 | EZ3: 09-27-2025-Sat 13-27-36-PM | FA3: 0 | FB3: 5.964 | FC3: -62.667 | FD3: inf | FE3: 09-27-2025-Sat 13-27-36-PM | FF3: 0.1 | FG3: 5.964 | FH3: -67.2519 | FI3: 74.55 | FJ3: 09-27-2025-Sat 13-27-36-PM | FK3: 0.1 | FL3: 5.968 | FM3: -64.239 | FN3: 74.6 | FO3: 09-27-2025-Sat 13-27-36-PM | FP3: 0.2 | FQ3: 5.968 | FR3: -65.544 | FS3: 37.3 | FT3: 09-27-2025-Sat 13-27-36-PM | FU3: 0.4 | FV3: 5.964 | FW3: -63.406 | FX3: 18.6375 | GI3: 09-27-2025-Sat 13-27-36-PM | GJ3: 0.3 | GK3: 5.968 | GL3: -61.894 | GM3: 24.8667 | GN3: 09-27-2025-Sat 13-27-36-PM | GO3: 0.4 | GP3: 5.968 | GQ3: -61.6314 | GR3: 18.65 | GS3: 09-27-2025-Sat 13-27-36-PM | GT3: 0.1 | GU3: 5.964 | GV3: -63.586 | GW3: 74.55 | HM3: 08-29-2025-Fri 15-30-24-PM | HN3: 0.1 | HO3: 5.908 | HP3: -70.2708 | HQ3: 73.85 | HR3: 08-29-2025-Fri 15-30-24-PM | HS3: 0.2 | HT3: 5.912 | HU3: -69.932 | HV3: 36.95 | HW3: 08-29-2025-Fri 15-30-24-PM | HX3: 0.3 | HY3: 5.916 | HZ3: -69.6148 | IA3: 24.65 | IB3: 08-29-2025-Fri 15-30-24-PM | IC3: 0.4 | ID3: 5.908 | IE3: -68.97 | IF3: 18.4625 | IG3: 08-29-2025-Fri 15-30-24-PM | IH3: 0.1 | II3: 5.904 | IJ3: -68.729 | IK3: 73.8 | IL3: 08-29-2025-Fri 15-30-24-PM | IM3: 0.2 | IN3: 5.916 | IO3: -69.013 | IP3: 36.975 | IV3: 08-29-2025-Fri 15-30-24-PM | IW3: 0.2 | IX3: 5.908 | IY3: -69.779 | IZ3: 36.925
A4: 10-24-2025-Fri 18-46-40-PM | B4: -0.1 | C4: 5.848 | D4: -54.6798 | E4: -73.1 | F4: 10-24-2025-Fri 18-46-40-PM | G4: 0.1 | H4: 5.86 | I4: -51.96 | J4: 73.25 | K4: 10-24-2025-Fri 18-46-40-PM | L4: 0.2 | M4: 5.848 | N4: -54.4818 | O4: 36.55 | P4: 10-24-2025-Fri 18-46-40-PM | Q4: -0.1 | R4: 5.852 | S4: -53.36 | T4: -73.15 | U4: 10-24-2025-Fri 18-46-40-PM | V4: 0 | W4: 5.86 | X4: -56.2626 | Y4: inf | Z4: 10-24-2025-Fri 18-46-40-PM | AA4: 0.2 | AB4: 5.856 | AC4: -52.675 | AD4: 36.6 | AE4: 09-12-2025-Fri 12-24-45-PM | AF4: 0.3 | AG4: 5.944 | AH4: -50.6192 | AI4: 24.7667 | AJ4: 09-12-2025-Fri 12-24-45-PM | AK4: 0.1 | AL4: 5.96 | AM4: -50.035 | AN4: 74.5 | AO4: 09-12-2025-Fri 12-24-45-PM | AP4: 0.2 | AQ4: 5.948 | AR4: -50.5202 | AS4: 37.175 | AT4: 09-12-2025-Fri 12-24-45-PM | AU4: 0.1 | AV4: 5.952 | AW4: -50.355 | AX4: 74.4 | AY4: 09-12-2025-Fri 12-24-45-PM | AZ4: 0.4 | BA4: 5.948 | BB4: -52.8649 | BC4: 18.5875 | BD4: 09-12-2025-Fri 12-24-45-PM | BE4: 0.4 | BF4: 5.952 | BG4: -51.313 | BH4: 18.6 | BI4: 09-12-2025-Fri 12-24-45-PM | BJ4: 0.2 | BK4: 5.956 | BL4: -51.2799 | BM4: 37.225 | BN4: 09-12-2025-Fri 12-24-45-PM | BO4: 0.2 | BP4: 5.952 | BQ4: -50.123 | BR4: 37.2 | BS4: 10-24-2025-Fri 18-46-40-PM | BT4: 0.3 | BU4: 5.852 | BV4: -58.3719 | BW4: 24.3833 | BX4: 10-24-2025-Fri 18-46-40-PM | BY4: -0.1 | BZ4: 5.86 | CA4: -54.842 | CB4: -73.25 | CR4: 10-24-2025-Fri 18-46-40-PM | CS4: 0.3 | CT4: 5.856 | CU4: -52.2375 | CV4: 24.4 | CW4: 10-24-2025-Fri 18-46-40-PM | CX4: 0.2 | CY4: 5.848 | CZ4: -54.132 | DA4: 36.55 | DQ4: 09-05-2025-Fri 20-14-23-PM | DR4: 0.4 | DS4: 5.904 | DT4: -65.4455 | DU4: 18.45 | DV4: 09-05-2025-Fri 20-14-23-PM | DW4: 0.3 | DX4: 5.912 | DY4: -63.846 | DZ4: 24.6333 | EA4: 09-05-2025-Fri 20-14-23-PM | EB4: 0.1 | EC4: 5.908 | ED4: -63.9337 | EE4: 73.85 | EF4: 09-05-2025-Fri 20-14-23-PM | EG4: 0.4 | EH4: 5.908 | EI4: -62.125 | EJ4: 18.4625 | EK4: 09-27-2025-Sat 13-27-38-PM | EL4: 0.1 | EM4: 5.96 | EN4: -65.0511 | EO4: 74.5 | EP4: 09-27-2025-Sat 13-27-38-PM | EQ4: 0.3 | ER4: 5.972 | ES4: -63.045 | ET4: 24.8833 | EU4: 09-27-2025-Sat 13-27-38-PM | EV4: 0.3 | EW4: 5.96 | EX4: -63.7035 | EY4: 24.8333 | EZ4: 09-27-2025-Sat 13-27-38-PM | FA4: 0.3 | FB4: 5.964 | FC4: -62.684 | FD4: 24.85 | FE4: 09-27-2025-Sat 13-27-38-PM | FF4: 0.3 | FG4: 5.956 | FH4: -67.2519 | FI4: 24.8167 | FJ4: 09-27-2025-Sat 13-27-38-PM | FK4: 0.2 | FL4: 5.968 | FM4: -64.25 | FN4: 37.3 | FO4: 09-27-2025-Sat 13-27-38-PM | FP4: 0 | FQ4: 5.968 | FR4: -65.544 | FS4: inf | FT4: 09-27-2025-Sat 13-27-38-PM | FU4: -0.1 | FV4: 5.968 | FW4: -63.417 | FX4: -74.6 | GI4: 09-27-2025-Sat 13-27-38-PM | GJ4: 0.3 | GK4: 5.968 | GL4: -61.916 | GM4: 24.8667 | GN4: 09-27-2025-Sat 13-27-38-PM | GO4: 0.2 | GP4: 5.968 | GQ4: -61.6643 | GR4: 37.3 | GS4: 09-27-2025-Sat 13-27-38-PM | GT4: 0.6 | GU4: 5.96 | GV4: -63.602 | GW4: 12.4167 | HM4: 08-29-2025-Fri 15-31-46-PM | HN4: 0.1 | HO4: 5.904 | HP4: -70.861 | HQ4: 73.8 | HR4: 08-29-2025-Fri 15-31-46-PM | HS4: 0.3 | HT4: 5.908 | HU4: -70.5 | HV4: 24.6167 | HW4: 08-29-2025-Fri 15-31-46-PM | HX4: 0.4 | HY4: 5.912 | HZ4: -70.2052 | IA4: 18.475 | IB4: 08-29-2025-Fri 15-31-46-PM | IC4: 0.5 | ID4: 5.908 | IE4: -69.593 | IF4: 14.77 | IG4: 08-29-2025-Fri 15-31-46-PM | IH4: 0.1 | II4: 5.9 | IJ4: -69.4179 | IK4: 73.75 | IL4: 08-29-2025-Fri 15-31-46-PM | IM4: 0.2 | IN4: 5.912 | IO4: -69.615 | IP4: 36.95 | IV4: 08-29-2025-Fri 15-31-46-PM | IW4: 0.3 | IX4: 5.908 | IY4: -70.353 | IZ4: 24.6167
A5: 10-24-2025-Fri 18-46-47-PM | B5: -0.1 | C5: 5.848 | D5: -54.7457 | E5: -73.1 | F5: 10-24-2025-Fri 18-46-47-PM | G5: -0.2 | H5: 5.86 | I5: -52.081 | J5: -36.625 | K5: 10-24-2025-Fri 18-46-47-PM | L5: -0.3 | M5: 5.848 | N5: -54.6137 | O5: -24.3667 | P5: 10-24-2025-Fri 18-46-47-PM | Q5: 0.1 | R5: 5.856 | S5: -53.492 | T5: 73.2 | U5: 10-24-2025-Fri 18-46-47-PM | V5: 0.1 | W5: 5.86 | X5: -56.3616 | Y5: 73.25 | Z5: 10-24-2025-Fri 18-46-47-PM | AA5: -0.3 | AB5: 5.856 | AC5: -52.774 | AD5: -24.4 | AE5: 09-12-2025-Fri 12-24-47-PM | AF5: 0.2 | AG5: 5.948 | AH5: -50.6192 | AI5: 37.175 | AJ5: 09-12-2025-Fri 12-24-47-PM | AK5: 0.3 | AL5: 5.964 | AM5: -50.046 | AN5: 24.85 | AO5: 09-12-2025-Fri 12-24-47-PM | AP5: 0.2 | AQ5: 5.944 | AR5: -50.5202 | AS5: 37.15 | AT5: 09-12-2025-Fri 12-24-47-PM | AU5: 0.3 | AV5: 5.952 | AW5: -50.372 | AX5: 24.8 | AY5: 09-12-2025-Fri 12-24-47-PM | AZ5: 0.2 | BA5: 5.948 | BB5: -52.8979 | BC5: 37.175 | BD5: 09-12-2025-Fri 12-24-47-PM | BE5: 0.3 | BF5: 5.956 | BG5: -51.335 | BH5: 24.8167 | BI5: 09-12-2025-Fri 12-24-47-PM | BJ5: 0.2 | BK5: 5.96 | BL5: -51.2799 | BM5: 37.25 | BN5: 09-12-2025-Fri 12-24-47-PM | BO5: 0.3 | BP5: 5.952 | BQ5: -50.167 | BR5: 24.8 | BS5: 10-24-2025-Fri 18-46-47-PM | BT5: 0.5 | BU5: 5.852 | BV5: -58.4048 | BW5: 14.63 | BX5: 10-24-2025-Fri 18-46-47-PM | BY5: 0.2 | BZ5: 5.856 | CA5: -54.941 | CB5: 36.6 | CR5: 10-24-2025-Fri 18-46-47-PM | CS5: 0.3 | CT5: 5.856 | CU5: -52.3696 | CV5: 24.4 | CW5: 10-24-2025-Fri 18-46-47-PM | CX5: 0.4 | CY5: 5.848 | CZ5: -54.231 | DA5: 18.275 | DQ5: 09-05-2025-Fri 20-14-25-PM | DR5: 0 | DS5: 5.9 | DT5: -65.5112 | DU5: inf | DV5: 09-05-2025-Fri 20-14-25-PM | DW5: 0.2 | DX5: 5.912 | DY5: -63.857 | DZ5: 36.95 | EA5: 09-05-2025-Fri 20-14-25-PM | EB5: 0.2 | EC5: 5.912 | ED5: -63.9666 | EE5: 36.95 | EF5: 09-05-2025-Fri 20-14-25-PM | EG5: 0.2 | EH5: 5.912 | EI5: -62.136 | EJ5: 36.95 | EK5: 09-27-2025-Sat 13-27-41-PM | EL5: 0.1 | EM5: 5.96 | EN5: -65.0511 | EO5: 74.5 | EP5: 09-27-2025-Sat 13-27-41-PM | EQ5: 0.2 | ER5: 5.972 | ES5: -63.078 | ET5: 37.325 | EU5: 09-27-2025-Sat 13-27-41-PM | EV5: 0.1 | EW5: 5.96 | EX5: -63.7364 | EY5: 74.5 | EZ5: 09-27-2025-Sat 13-27-41-PM | FA5: 0.1 | FB5: 5.964 | FC5: -62.717 | FD5: 74.55 | FE5: 09-27-2025-Sat 13-27-41-PM | FF5: 0.1 | FG5: 5.96 | FH5: -67.2847 | FI5: 74.5 | FJ5: 09-27-2025-Sat 13-27-41-PM | FK5: 0.1 | FL5: 5.968 | FM5: -64.293 | FN5: 74.6 | FO5: 09-27-2025-Sat 13-27-41-PM | FP5: 0.1 | FQ5: 5.964 | FR5: -65.5769 | FS5: 74.55 | FT5: 09-27-2025-Sat 13-27-41-PM | FU5: 0.1 | FV5: 5.964 | FW5: -63.439 | FX5: 74.55 | GI5: 09-27-2025-Sat 13-27-41-PM | GJ5: 0.2 | GK5: 5.968 | GL5: -61.96 | GM5: 37.3 | GN5: 09-27-2025-Sat 13-27-41-PM | GO5: 0.3 | GP5: 5.972 | GQ5: -61.6971 | GR5: 24.8833 | GS5: 09-27-2025-Sat 13-27-41-PM | GT5: 0.3 | GU5: 5.964 | GV5: -63.652 | GW5: 24.85 | HM5: 08-29-2025-Fri 15-31-49-PM | HN5: 0.2 | HO5: 5.908 | HP5: -70.861 | HQ5: 36.925 | HR5: 08-29-2025-Fri 15-31-49-PM | HS5: 0.3 | HT5: 5.908 | HU5: -70.533 | HV5: 24.6167 | HW5: 08-29-2025-Fri 15-31-49-PM | HX5: 0 | HY5: 5.908 | HZ5: -70.2052 | IA5: inf | IB5: 08-29-2025-Fri 15-31-49-PM | IC5: 0.3 | ID5: 5.908 | IE5: -69.626 | IF5: 24.6167 | IG5: 08-29-2025-Fri 15-31-49-PM | IH5: 0.7 | II5: 5.904 | IJ5: -69.4508 | IK5: 10.5429 | IL5: 08-29-2025-Fri 15-31-49-PM | IM5: 0.2 | IN5: 5.916 | IO5: -69.735 | IP5: 36.975 | IV5: 08-29-2025-Fri 15-31-49-PM | IW5: 0.1 | IX5: 5.908 | IY5: -70.484 | IZ5: 73.85
A6: 10-24-2025-Fri 18-46-49-PM | B6: 0.1 | C6: 5.848 | D6: -54.8447 | E6: 73.1 | F6: 10-24-2025-Fri 18-46-49-PM | G6: 0 | H6: 5.864 | I6: -52.125 | J6: inf | K6: 10-24-2025-Fri 18-46-49-PM | L6: 0 | M6: 5.848 | N6: -54.6137 | O6: inf | P6: 10-24-2025-Fri 18-46-49-PM | Q6: 0.2 | R6: 5.852 | S6: -53.508 | T6: 36.575 | U6: 10-24-2025-Fri 18-46-49-PM | V6: 0.1 | W6: 5.86 | X6: -56.3946 | Y6: 73.25 | Z6: 10-24-2025-Fri 18-46-49-PM | AA6: 0.1 | AB6: 5.852 | AC6: -52.829 | AD6: 73.15 | AE6: 09-12-2025-Fri 12-24-49-PM | AF6: -0.1 | AG6: 5.948 | AH6: -50.6192 | AI6: -74.35 | AJ6: 09-12-2025-Fri 12-24-49-PM | AK6: 0.2 | AL6: 5.964 | AM6: -50.057 | AN6: 37.275 | AO6: 09-12-2025-Fri 12-24-49-PM | AP6: 0.2 | AQ6: 5.948 | AR6: -50.5531 | AS6: 37.175 | AT6: 09-12-2025-Fri 12-24-49-PM | AU6: 0.2 | AV6: 5.952 | AW6: -50.388 | AX6: 37.2 | AY6: 09-12-2025-Fri 12-24-49-PM | AZ6: 0.2 | BA6: 5.948 | BB6: -52.8979 | BC6: 37.175 | BD6: 09-12-2025-Fri 12-24-49-PM | BE6: 0.5 | BF6: 5.956 | BG6: -51.335 | BH6: 14.89 | BI6: 09-12-2025-Fri 12-24-49-PM | BJ6: 0 | BK6: 5.96 | BL6: -51.2799 | BM6: inf | BN6: 09-12-2025-Fri 12-24-49-PM | BO6: 0.4 | BP6: 5.956 | BQ6: -50.156 | BR6: 18.6125 | BS6: 10-24-2025-Fri 18-46-49-PM | BT6: 0.4 | BU6: 5.852 | BV6: -58.4048 | BW6: 18.2875 | BX6: 10-24-2025-Fri 18-46-49-PM | BY6: 0.1 | BZ6: 5.856 | CA6: -54.952 | CB6: 73.2 | CR6: 10-24-2025-Fri 18-46-49-PM | CS6: 0.5 | CT6: 5.856 | CU6: -52.4027 | CV6: 14.64 | CW6: 10-24-2025-Fri 18-46-49-PM | CX6: 0.5 | CY6: 5.848 | CZ6: -54.231 | DA6: 14.62 | DQ6: 09-05-2025-Fri 20-14-28-PM | DR6: 0.1 | DS6: 5.904 | DT6: -65.544 | DU6: 73.8 | DV6: 09-05-2025-Fri 20-14-28-PM | DW6: 0.2 | DX6: 5.912 | DY6: -63.9 | DZ6: 36.95 | EA6: 09-05-2025-Fri 20-14-28-PM | EB6: 0.3 | EC6: 5.912 | ED6: -63.9993 | EE6: 24.6333 | EF6: 09-05-2025-Fri 20-14-28-PM | EG6: 0.2 | EH6: 5.908 | EI6: -62.157 | EJ6: 36.925 | EK6: 09-27-2025-Sat 13-27-43-PM | EL6: 0 | EM6: 5.956 | EN6: -65.084 | EO6: inf | EP6: 09-27-2025-Sat 13-27-43-PM | EQ6: 0.2 | ER6: 5.972 | ES6: -63.089 | ET6: 37.325 | EU6: 09-27-2025-Sat 13-27-43-PM | EV6: 0.1 | EW6: 5.96 | EX6: -63.7693 | EY6: 74.5 | EZ6: 09-27-2025-Sat 13-27-43-PM | FA6: 0.2 | FB6: 5.964 | FC6: -62.75 | FD6: 37.275 | FE6: 09-27-2025-Sat 13-27-43-PM | FF6: 0.1 | FG6: 5.96 | FH6: -67.3176 | FI6: 74.5 | FJ6: 09-27-2025-Sat 13-27-43-PM | FK6: 0.2 | FL6: 5.968 | FM6: -64.348 | FN6: 37.3 | FO6: 09-27-2025-Sat 13-27-43-PM | FP6: 0.2 | FQ6: 5.972 | FR6: -65.6098 | FS6: 37.325 | FT6: 09-27-2025-Sat 13-27-43-PM | FU6: 0.2 | FV6: 5.968 | FW6: -63.472 | FX6: 37.3 | GI6: 09-27-2025-Sat 13-27-43-PM | GJ6: 0 | GK6: 5.972 | GL6: -61.971 | GM6: inf | GN6: 09-27-2025-Sat 13-27-43-PM | GO6: 0.4 | GP6: 5.968 | GQ6: -61.7301 | GR6: 18.65 | GS6: 09-27-2025-Sat 13-27-43-PM | GT6: 0.3 | GU6: 5.96 | GV6: -63.718 | GW6: 24.8333 | HM6: 08-29-2025-Fri 15-31-51-PM | HN6: 0.4 | HO6: 5.904 | HP6: -70.861 | HQ6: 18.45 | HR6: 08-29-2025-Fri 15-31-51-PM | HS6: 0.5 | HT6: 5.912 | HU6: -70.522 | HV6: 14.78 | HW6: 08-29-2025-Fri 15-31-51-PM | HX6: 0.1 | HY6: 5.912 | HZ6: -70.2379 | IA6: 73.9 | IB6: 08-29-2025-Fri 15-31-51-PM | IC6: 0.2 | ID6: 5.912 | IE6: -69.669 | IF6: 36.95 | IG6: 08-29-2025-Fri 15-31-51-PM | IH6: 0.3 | II6: 5.9 | IJ6: -69.4836 | IK6: 24.5833 | IL6: 08-29-2025-Fri 15-31-51-PM | IM6: 0.3 | IN6: 5.916 | IO6: -69.636 | IP6: 24.65 | IV6: 08-29-2025-Fri 15-31-51-PM | IW6: 0.2 | IX6: 5.908 | IY6: -70.336 | IZ6: 36.925
A7: 10-24-2025-Fri 18-46-52-PM | B7: 0.2 | C7: 5.848 | D7: -54.8447 | E7: 36.55 | F7: 10-24-2025-Fri 18-46-52-PM | G7: 0.1 | H7: 5.86 | I7: -52.158 | J7: 73.25 | K7: 10-24-2025-Fri 18-46-52-PM | L7: 0.1 | M7: 5.848 | N7: -54.6798 | O7: 73.1 | P7: 10-24-2025-Fri 18-46-52-PM | Q7: 0.1 | R7: 5.852 | S7: -53.558 | T7: 73.15 | U7: 10-24-2025-Fri 18-46-52-PM | V7: 0.1 | W7: 5.856 | X7: -56.4275 | Y7: 73.2 | Z7: 10-24-2025-Fri 18-46-52-PM | AA7: 0.4 | AB7: 5.856 | AC7: -52.851 | AD7: 18.3 | AE7: 09-12-2025-Fri 12-24-52-PM | AF7: 0.1 | AG7: 5.944 | AH7: -50.6522 | AI7: 74.3 | AJ7: 09-12-2025-Fri 12-24-52-PM | AK7: 0.2 | AL7: 5.964 | AM7: -50.079 | AN7: 37.275 | AO7: 09-12-2025-Fri 12-24-52-PM | AP7: 0.4 | AQ7: 5.948 | AR7: -50.5531 | AS7: 18.5875 | AT7: 09-12-2025-Fri 12-24-52-PM | AU7: 0.4 | AV7: 5.956 | AW7: -50.404 | AX7: 18.6125 | AY7: 09-12-2025-Fri 12-24-52-PM | AZ7: 0.4 | BA7: 5.948 | BB7: -52.8979 | BC7: 18.5875 | BD7: 09-12-2025-Fri 12-24-52-PM | BE7: 0.2 | BF7: 5.956 | BG7: -51.357 | BH7: 37.225 | BI7: 09-12-2025-Fri 12-24-52-PM | BJ7: 0.2 | BK7: 5.96 | BL7: -51.3129 | BM7: 37.25 | BN7: 09-12-2025-Fri 12-24-52-PM | BO7: 0.3 | BP7: 5.956 | BQ7: -50.156 | BR7: 24.8167 | BS7: 10-24-2025-Fri 18-46-52-PM | BT7: 0.4 | BU7: 5.852 | BV7: -58.4378 | BW7: 18.2875 | BX7: 10-24-2025-Fri 18-46-52-PM | BY7: 0.1 | BZ7: 5.856 | CA7: -54.985 | CB7: 73.2 | CR7: 10-24-2025-Fri 18-46-52-PM | CS7: 0.4 | CT7: 5.856 | CU7: -52.4357 | CV7: 18.3 | CW7: 10-24-2025-Fri 18-46-52-PM | CX7: 0.5 | CY7: 5.852 | CZ7: -54.264 | DA7: 14.63 | DQ7: 09-05-2025-Fri 20-15-22-PM | DR7: 0.3 | DS7: 5.9 | DT7: -66.1682 | DU7: 24.5833 | DV7: 09-05-2025-Fri 20-15-22-PM | DW7: 0.3 | DX7: 5.912 | DY7: -64.525 | DZ7: 24.6333 | EA7: 09-05-2025-Fri 20-15-22-PM | EB7: 0.2 | EC7: 5.912 | ED7: -64.6239 | EE7: 36.95 | EF7: 09-05-2025-Fri 20-15-22-PM | EG7: 0.2 | EH7: 5.908 | EI7: -62.793 | EJ7: 36.925 | EK7: 09-27-2025-Sat 13-27-45-PM | EL7: 0.3 | EM7: 5.96 | EN7: -65.1169 | EO7: 24.8333 | EP7: 09-27-2025-Sat 13-27-45-PM | EQ7: 0.2 | ER7: 5.972 | ES7: -63.144 | ET7: 37.325 | EU7: 09-27-2025-Sat 13-27-45-PM | EV7: 0.2 | EW7: 5.956 | EX7: -63.8022 | EY7: 37.225 | EZ7: 09-27-2025-Sat 13-27-45-PM | FA7: 0 | FB7: 5.964 | FC7: -62.783 | FD7: inf | FE7: 09-27-2025-Sat 13-27-45-PM | FF7: 0.5 | FG7: 5.964 | FH7: -67.3176 | FI7: 14.91 | FJ7: 09-27-2025-Sat 13-27-45-PM | FK7: 0.1 | FL7: 5.968 | FM7: -64.337 | FN7: 74.6 | FO7: 09-27-2025-Sat 13-27-45-PM | FP7: -0.1 | FQ7: 5.968 | FR7: -65.6425 | FS7: -74.6 | FT7: 09-27-2025-Sat 13-27-45-PM | FU7: 0.3 | FV7: 5.964 | FW7: -63.483 | FX7: 24.85 | GI7: 09-27-2025-Sat 13-27-45-PM | GJ7: 0.2 | GK7: 5.972 | GL7: -62.026 | GM7: 37.325 | GN7: 09-27-2025-Sat 13-27-45-PM | GO7: 0.4 | GP7: 5.972 | GQ7: -61.763 | GR7: 18.6625 | GS7: 09-27-2025-Sat 13-27-45-PM | GT7: 0.4 | GU7: 5.96 | GV7: -63.685 | GW7: 18.625 | HM7: 08-29-2025-Fri 15-31-53-PM | HN7: 0.4 | HO7: 5.9 | HP7: -70.8937 | HQ7: 18.4375 | HR7: 08-29-2025-Fri 15-31-53-PM | HS7: 0.1 | HT7: 5.912 | HU7: -70.555 | HV7: 73.9 | HW7: 08-29-2025-Fri 15-31-53-PM | HX7: 0.5 | HY7: 5.912 | HZ7: -70.2379 | IA7: 14.78 | IB7: 08-29-2025-Fri 15-31-53-PM | IC7: 0.3 | ID7: 5.908 | IE7: -69.669 | IF7: 24.6167 | IG7: 08-29-2025-Fri 15-31-53-PM | IH7: 0 | II7: 5.9 | IJ7: -69.4508 | IK7: inf | IL7: 08-29-2025-Fri 15-31-53-PM | IM7: 0.2 | IN7: 5.916 | IO7: -69.702 | IP7: 36.975 | IV7: 08-29-2025-Fri 15-31-53-PM | IW7: 0.2 | IX7: 5.908 | IY7: -70.451 | IZ7: 36.925
A8: 10-24-2025-Fri 18-46-54-PM | B8: -0.1 | C8: 5.844 | D8: -54.8777 | E8: -73.05 | F8: 10-24-2025-Fri 18-46-54-PM | G8: -0.2 | H8: 5.86 | I8: -52.202 | J8: -36.625 | K8: 10-24-2025-Fri 18-46-54-PM | L8: 0.2 | M8: 5.848 | N8: -54.7128 | O8: 36.55 | P8: 10-24-2025-Fri 18-46-54-PM | Q8: 0.1 | R8: 5.852 | S8: -53.607 | T8: 73.15 | U8: 10-24-2025-Fri 18-46-54-PM | V8: 0 | W8: 5.856 | X8: -56.4275 | Y8: inf | Z8: 10-24-2025-Fri 18-46-54-PM | AA8: 0 | AB8: 5.856 | AC8: -52.895 | AD8: inf | AE8: 09-12-2025-Fri 12-24-54-PM | AF8: 0.2 | AG8: 5.944 | AH8: -50.6522 | AI8: 37.15 | AJ8: 09-12-2025-Fri 12-24-54-PM | AK8: 0.3 | AL8: 5.96 | AM8: -50.079 | AN8: 24.8333 | AO8: 09-12-2025-Fri 12-24-54-PM | AP8: -0.1 | AQ8: 5.948 | AR8: -50.5531 | AS8: -74.35 | AT8: 09-12-2025-Fri 12-24-54-PM | AU8: 0.2 | AV8: 5.952 | AW8: -50.404 | AX8: 37.2 | AY8: 09-12-2025-Fri 12-24-54-PM | AZ8: 0.4 | BA8: 5.948 | BB8: -52.9308 | BC8: 18.5875 | BD8: 09-12-2025-Fri 12-24-54-PM | BE8: 0.4 | BF8: 5.956 | BG8: -51.357 | BH8: 18.6125 | BI8: 09-12-2025-Fri 12-24-54-PM | BJ8: 0.2 | BK8: 5.956 | BL8: -51.3129 | BM8: 37.225 | BN8: 09-12-2025-Fri 12-24-54-PM | BO8: 0.1 | BP8: 5.956 | BQ8: -50.201 | BR8: 74.45 | BS8: 10-24-2025-Fri 18-46-54-PM | BT8: 0.3 | BU8: 5.848 | BV8: -58.4378 | BW8: 24.3667 | BX8: 10-24-2025-Fri 18-46-54-PM | BY8: 0.3 | BZ8: 5.86 | CA8: -54.985 | CB8: 24.4167 | CR8: 10-24-2025-Fri 18-46-54-PM | CS8: 0.4 | CT8: 5.856 | CU8: -52.5017 | CV8: 18.3 | CW8: 10-24-2025-Fri 18-46-54-PM | CX8: 0.6 | CY8: 5.852 | CZ8: -54.264 | DA8: 12.1917 | DQ8: 09-05-2025-Fri 20-15-25-PM | DR8: 0.5 | DS8: 5.904 | DT8: -66.1682 | DU8: 14.76 | DV8: 09-05-2025-Fri 20-15-25-PM | DW8: 0.1 | DX8: 5.908 | DY8: -64.547 | DZ8: 73.85 | EA8: 09-05-2025-Fri 20-15-25-PM | EB8: 0.6 | EC8: 5.912 | ED8: -64.6239 | EE8: 12.3167 | EF8: 09-05-2025-Fri 20-15-25-PM | EG8: 0.3 | EH8: 5.912 | EI8: -62.771 | EJ8: 24.6333 | EK8: 09-27-2025-Sat 13-27-48-PM | EL8: 0 | EM8: 5.956 | EN8: -65.1497 | EO8: inf | EP8: 09-27-2025-Sat 13-27-48-PM | EQ8: 0 | ER8: 5.972 | ES8: -63.166 | ET8: inf | EU8: 09-27-2025-Sat 13-27-48-PM | EV8: 0.1 | EW8: 5.96 | EX8: -63.8022 | EY8: 74.5 | EZ8: 09-27-2025-Sat 13-27-48-PM | FA8: 0.1 | FB8: 5.964 | FC8: -62.799 | FD8: 74.55 | FE8: 09-27-2025-Sat 13-27-48-PM | FF8: 0.3 | FG8: 5.964 | FH8: -67.3504 | FI8: 24.85 | FJ8: 09-27-2025-Sat 13-27-48-PM | FK8: 0.1 | FL8: 5.968 | FM8: -64.392 | FN8: 74.6 | FO8: 09-27-2025-Sat 13-27-48-PM | FP8: 0 | FQ8: 5.968 | FR8: -65.6754 | FS8: inf | FT8: 09-27-2025-Sat 13-27-48-PM | FU8: 0.4 | FV8: 5.968 | FW8: -63.538 | FX8: 18.65 | GI8: 09-27-2025-Sat 13-27-48-PM | GJ8: 0.3 | GK8: 5.968 | GL8: -62.048 | GM8: 24.8667 | GN8: 09-27-2025-Sat 13-27-48-PM | GO8: 0.2 | GP8: 5.972 | GQ8: -61.7959 | GR8: 37.325 | GS8: 09-27-2025-Sat 13-27-48-PM | GT8: 0.3 | GU8: 5.964 | GV8: -63.75 | GW8: 24.85 | HM8: 08-29-2025-Fri 15-31-56-PM | HN8: 0 | HO8: 5.904 | HP8: -70.8937 | HQ8: inf | HR8: 08-29-2025-Fri 15-31-56-PM | HS8: 0.4 | HT8: 5.912 | HU8: -70.555 | HV8: 18.475 | HW8: 08-29-2025-Fri 15-31-56-PM | HX8: 0 | HY8: 5.912 | HZ8: -70.2379 | IA8: inf | IB8: 08-29-2025-Fri 15-31-56-PM | IC8: 0.5 | ID8: 5.908 | IE8: -69.658 | IF8: 14.77 | IG8: 08-29-2025-Fri 15-31-56-PM | IH8: 0.5 | II8: 5.904 | IJ8: -69.4836 | IK8: 14.76 | IL8: 08-29-2025-Fri 15-31-56-PM | IM8: 0.1 | IN8: 5.916 | IO8: -69.702 | IP8: 73.95 | IQ8: 08-29-2025-Fri 15-31-56-PM | IR8: 0.1 | IS8: 5.904 | IT8: -71.0249 | IU8: 73.8 | IV8: 08-29-2025-Fri 15-31-56-PM | IW8: 0.4 | IX8: 5.908 | IY8: -70.435 | IZ8: 18.4625
A9: 10-24-2025-Fri 18-46-56-PM | B9: -0.2 | C9: 5.848 | D9: -54.9107 | E9: -36.55 | F9: 10-24-2025-Fri 18-46-56-PM | G9: 0.1 | H9: 5.864 | I9: -52.235 | J9: 73.3 | K9: 10-24-2025-Fri 18-46-56-PM | L9: -0.2 | M9: 5.848 | N9: -54.7128 | O9: -36.55 | P9: 10-24-2025-Fri 18-46-56-PM | Q9: 0.1 | R9: 5.852 | S9: -53.624 | T9: 73.15 | U9: 10-24-2025-Fri 18-46-56-PM | V9: 0.2 | W9: 5.856 | X9: -56.4606 | Y9: 36.6 | Z9: 10-24-2025-Fri 18-46-56-PM | AA9: 0 | AB9: 5.856 | AC9: -52.95 | AD9: inf | AE9: 09-12-2025-Fri 12-24-56-PM | AF9: 0.2 | AG9: 5.944 | AH9: -50.6853 | AI9: 37.15 | AJ9: 09-12-2025-Fri 12-24-56-PM | AK9: 0.2 | AL9: 5.96 | AM9: -50.09 | AN9: 37.25 | AO9: 09-12-2025-Fri 12-24-56-PM | AP9: 0.1 | AQ9: 5.948 | AR9: -50.5862 | AS9: 74.35 | AT9: 09-12-2025-Fri 12-24-56-PM | AU9: 0.2 | AV9: 5.952 | AW9: -50.438 | AX9: 37.2 | AY9: 09-12-2025-Fri 12-24-56-PM | AZ9: 0.3 | BA9: 5.952 | BB9: -52.9308 | BC9: 24.8 | BD9: 09-12-2025-Fri 12-24-56-PM | BE9: 0.4 | BF9: 5.96 | BG9: -51.368 | BH9: 18.625 | BI9: 09-12-2025-Fri 12-24-56-PM | BJ9: 0.2 | BK9: 5.956 | BL9: -51.3459 | BM9: 37.225 | BN9: 09-12-2025-Fri 12-24-56-PM | BO9: 0.1 | BP9: 5.956 | BQ9: -50.2 | BR9: 74.45 | BS9: 10-24-2025-Fri 18-46-56-PM | BT9: 0.2 | BU9: 5.848 | BV9: -58.4708 | BW9: 36.55 | BX9: 10-24-2025-Fri 18-46-56-PM | BY9: 0.4 | BZ9: 5.856 | CA9: -55.029 | CB9: 18.3 | CR9: 10-24-2025-Fri 18-46-56-PM | CS9: 0.3 | CT9: 5.86 | CU9: -52.5347 | CV9: 24.4167 | CW9: 10-24-2025-Fri 18-46-56-PM | CX9: 0.4 | CY9: 5.852 | CZ9: -54.314 | DA9: 18.2875 | DB9: 10-24-2025-Fri 18-46-56-PM | DC9: 0.1 | DD9: 5.856 | DE9: -50.1567 | DF9: 73.2 | DQ9: 09-05-2025-Fri 20-15-27-PM | DR9: 0.3 | DS9: 5.908 | DT9: -66.201 | DU9: 24.6167 | DV9: 09-05-2025-Fri 20-15-27-PM | DW9: 0.1 | DX9: 5.912 | DY9: -64.558 | DZ9: 73.9 | EA9: 09-05-2025-Fri 20-15-27-PM | EB9: 0.3 | EC9: 5.908 | ED9: -64.6567 | EE9: 24.6167 | EF9: 09-05-2025-Fri 20-15-27-PM | EG9: 0.4 | EH9: 5.908 | EI9: -62.793 | EJ9: 18.4625 | EK9: 09-27-2025-Sat 13-27-50-PM | EL9: 0.2 | EM9: 5.96 | EN9: -65.1497 | EO9: 37.25 | EP9: 09-27-2025-Sat 13-27-50-PM | EQ9: 0.2 | ER9: 5.976 | ES9: -63.188 | ET9: 37.35 | EU9: 09-27-2025-Sat 13-27-50-PM | EV9: 0.1 | EW9: 5.96 | EX9: -63.835 | EY9: 74.5 | EZ9: 09-27-2025-Sat 13-27-50-PM | FA9: 0.1 | FB9: 5.964 | FC9: -62.832 | FD9: 74.55 | FE9: 09-27-2025-Sat 13-27-50-PM | FF9: 0.3 | FG9: 5.96 | FH9: -67.3504 | FI9: 24.8333 | FJ9: 09-27-2025-Sat 13-27-50-PM | FK9: 0.2 | FL9: 5.968 | FM9: -64.381 | FN9: 37.3 | FO9: 09-27-2025-Sat 13-27-50-PM | FP9: 0.3 | FQ9: 5.972 | FR9: -65.7083 | FS9: 24.8833 | FT9: 09-27-2025-Sat 13-27-50-PM | FU9: 0.2 | FV9: 5.964 | FW9: -63.549 | FX9: 37.275 | GD9: 09-27-2025-Sat 13-27-50-PM | GE9: 0 | GF9: 5.972 | GG9: -60.5783 | GH9: inf | GI9: 09-27-2025-Sat 13-27-50-PM | GJ9: 0.1 | GK9: 5.972 | GL9: -62.081 | GM9: 74.65 | GN9: 09-27-2025-Sat 13-27-50-PM | GO9: 0.4 | GP9: 5.968 | GQ9: -61.8288 | GR9: 18.65 | GS9: 09-27-2025-Sat 13-27-50-PM | GT9: 0.4 | GU9: 5.96 | GV9: -63.717 | GW9: 18.625 | HM9: 08-29-2025-Fri 15-31-58-PM | HN9: 0.2 | HO9: 5.904 | HP9: -70.9266 | HQ9: 36.9 | HR9: 08-29-2025-Fri 15-31-58-PM | HS9: 0.1 | HT9: 5.912 | HU9: -70.566 | HV9: 73.9 | HW9: 08-29-2025-Fri 15-31-58-PM | HX9: 0.3 | HY9: 5.908 | HZ9: -70.2379 | IA9: 24.6167 | IB9: 08-29-2025-Fri 15-31-58-PM | IC9: 0.4 | ID9: 5.908 | IE9: -69.691 | IF9: 18.4625 | IG9: 08-29-2025-Fri 15-31-58-PM | IH9: 0 | II9: 5.9 | IJ9: -69.5164 | IK9: inf | IL9: 08-29-2025-Fri 15-31-58-PM | IM9: 0.4 | IN9: 5.916 | IO9: -69.713 | IP9: 18.4875 | IQ9: 08-29-2025-Fri 15-31-58-PM | IR9: 0.2 | IS9: 5.904 | IT9: -71.0249 | IU9: 36.9 | IV9: 08-29-2025-Fri 15-31-58-PM | IW9: 0.3 | IX9: 5.904 | IY9: -70.451 | IZ9: 24.6
A10: 10-24-2025-Fri 18-46-59-PM | B10: -0.1 | C10: 5.848 | D10: -54.9436 | E10: -73.1 | F10: 10-24-2025-Fri 18-46-59-PM | G10: 0 | H10: 5.864 | I10: -52.268 | J10: inf | K10: 10-24-2025-Fri 18-46-59-PM | L10: 0.1 | M10: 5.852 | N10: -54.7457 | O10: 73.15 | P10: 10-24-2025-Fri 18-46-59-PM | Q10: 0.1 | R10: 5.852 | S10: -53.657 | T10: 73.15 | U10: 10-24-2025-Fri 18-46-59-PM | V10: -0.1 | W10: 5.856 | X10: -56.4606 | Y10: -73.2 | Z10: 10-24-2025-Fri 18-46-59-PM | AA10: 0.2 | AB10: 5.856 | AC10: -52.939 | AD10: 36.6 | AE10: 09-12-2025-Fri 12-24-59-PM | AF10: -0.1 | AG10: 5.948 | AH10: -50.6853 | AI10: -74.35 | AJ10: 09-12-2025-Fri 12-24-59-PM | AK10: 0.1 | AL10: 5.964 | AM10: -50.113 | AN10: 74.55 | AO10: 09-12-2025-Fri 12-24-59-PM | AP10: 0.2 | AQ10: 5.948 | AR10: -50.5862 | AS10: 37.175 | AT10: 09-12-2025-Fri 12-24-59-PM | AU10: 0.1 | AV10: 5.952 | AW10: -50.454 | AX10: 74.4 | AY10: 09-12-2025-Fri 12-24-59-PM | AZ10: 0.4 | BA10: 5.948 | BB10: -52.9308 | BC10: 18.5875 | BD10: 09-12-2025-Fri 12-24-59-PM | BE10: 0.3 | BF10: 5.956 | BG10: -51.401 | BH10: 24.8167 | BI10: 09-12-2025-Fri 12-24-59-PM | BJ10: 0.3 | BK10: 5.96 | BL10: -51.3129 | BM10: 24.8333 | BN10: 09-12-2025-Fri 12-24-59-PM | BO10: 0.3 | BP10: 5.956 | BQ10: -50.223 | BR10: 24.8167 | BS10: 10-24-2025-Fri 18-46-59-PM | BT10: 0.4 | BU10: 5.848 | BV10: -58.5037 | BW10: 18.275 | BX10: 10-24-2025-Fri 18-46-59-PM | BY10: 0.1 | BZ10: 5.856 | CA10: -55.073 | CB10: 73.2 | CR10: 10-24-2025-Fri 18-46-59-PM | CS10: 0.4 | CT10: 5.856 | CU10: -52.5678 | CV10: 18.3 | CW10: 10-24-2025-Fri 18-46-59-PM | CX10: 0.5 | CY10: 5.852 | CZ10: -54.38 | DA10: 14.63 | DB10: 10-24-2025-Fri 18-46-59-PM | DC10: 0.6 | DD10: 5.856 | DE10: -50.2558 | DF10: 12.2 | DQ10: 09-05-2025-Fri 20-16-10-PM | DR10: 0.1 | DS10: 5.9 | DT10: -66.5623 | DU10: 73.75 | DV10: 09-05-2025-Fri 20-16-10-PM | DW10: 0.2 | DX10: 5.912 | DY10: -64.941 | DZ10: 36.95 | EA10: 09-05-2025-Fri 20-16-10-PM | EB10: 0.1 | EC10: 5.912 | ED10: -65.0183 | EE10: 73.9 | EF10: 09-05-2025-Fri 20-16-10-PM | EG10: 0.3 | EH10: 5.908 | EI10: -63.188 | EJ10: 24.6167 | EK10: 09-27-2025-Sat 13-27-52-PM | EL10: 0.2 | EM10: 5.96 | EN10: -65.1826 | EO10: 37.25 | EP10: 09-27-2025-Sat 13-27-52-PM | EQ10: 0.2 | ER10: 5.972 | ES10: -63.21 | ET10: 37.325 | EU10: 09-27-2025-Sat 13-27-52-PM | EV10: 0.3 | EW10: 5.96 | EX10: -63.8679 | EY10: 24.8333 | EZ10: 09-27-2025-Sat 13-27-52-PM | FA10: 0.3 | FB10: 5.968 | FC10: -62.865 | FD10: 24.8667 | FE10: 09-27-2025-Sat 13-27-52-PM | FF10: 0.3 | FG10: 5.956 | FH10: -67.3832 | FI10: 24.8167 | FJ10: 09-27-2025-Sat 13-27-52-PM | FK10: 0.3 | FL10: 5.972 | FM10: -64.436 | FN10: 24.8833 | FO10: 09-27-2025-Sat 13-27-52-PM | FP10: 0 | FQ10: 5.972 | FR10: -65.7083 | FS10: inf | FT10: 09-27-2025-Sat 13-27-52-PM | FU10: 0.4 | FV10: 5.964 | FW10: -63.593 | FX10: 18.6375 | GD10: 09-27-2025-Sat 13-27-52-PM | GE10: 0.6 | GF10: 5.972 | GG10: -60.5783 | GH10: 12.4417 | GI10: 09-27-2025-Sat 13-27-52-PM | GJ10: 0.2 | GK10: 5.968 | GL10: -62.103 | GM10: 37.3 | GN10: 09-27-2025-Sat 13-27-52-PM | GO10: 0.2 | GP10: 5.968 | GQ10: -61.8617 | GR10: 37.3 | GS10: 09-27-2025-Sat 13-27-52-PM | GT10: 0.2 | GU10: 5.96 | GV10: -63.8 | GW10: 37.25 | HM10: 08-29-2025-Fri 15-32-00-PM | HN10: 0.1 | HO10: 5.904 | HP10: -70.9266 | HQ10: 73.8 | HR10: 08-29-2025-Fri 15-32-00-PM | HS10: 0.1 | HT10: 5.912 | HU10: -70.588 | HV10: 73.9 | HW10: 08-29-2025-Fri 15-32-00-PM | HX10: 0.1 | HY10: 5.912 | HZ10: -70.2708 | IA10: 73.9 | IB10: 08-29-2025-Fri 15-32-00-PM | IC10: 0.1 | ID10: 5.912 | IE10: -69.713 | IF10: 73.9 | IG10: 08-29-2025-Fri 15-32-00-PM | IH10: 0.2 | II10: 5.904 | IJ10: -69.5164 | IK10: 36.9 | IL10: 08-29-2025-Fri 15-32-00-PM | IM10: 0.3 | IN10: 5.916 | IO10: -69.757 | IP10: 24.65 | IQ10: 08-29-2025-Fri 15-32-00-PM | IR10: 0.5 | IS10: 5.904 | IT10: -71.1561 | IU10: 14.76 | IV10: 08-29-2025-Fri 15-32-00-PM | IW10: 0.2 | IX10: 5.904 | IY10: -70.517 | IZ10: 36.9
A11: 10-24-2025-Fri 18-48-56-PM | B11: -0.1 | C11: 5.848 | D11: -56.1309 | E11: -73.1 | F11: 10-24-2025-Fri 18-48-56-PM | G11: 0 | H11: 5.86 | I11: -53.809 | J11: inf | K11: 10-24-2025-Fri 18-48-56-PM | L11: 0 | M11: 5.848 | N11: -55.9989 | O11: inf | P11: 10-24-2025-Fri 18-48-56-PM | Q11: 0 | R11: 5.852 | S11: -55.141 | T11: inf | U11: 10-24-2025-Fri 18-48-56-PM | V11: 0.1 | W11: 5.856 | X11: -57.3175 | Y11: 73.2 | Z11: 10-24-2025-Fri 18-48-56-PM | AA11: 0.1 | AB11: 5.856 | AC11: -54.348 | AD11: 73.2 | AE11: 09-12-2025-Fri 12-25-01-PM | AF11: 0 | AG11: 5.944 | AH11: -50.7184 | AI11: inf | AJ11: 09-12-2025-Fri 12-25-01-PM | AK11: 0.1 | AL11: 5.964 | AM11: -50.135 | AN11: 74.55 | AO11: 09-12-2025-Fri 12-25-01-PM | AP11: 0.2 | AQ11: 5.948 | AR11: -50.6192 | AS11: 37.175 | AT11: 09-12-2025-Fri 12-25-01-PM | AU11: 0.2 | AV11: 5.952 | AW11: -50.47 | AX11: 37.2 | AY11: 09-12-2025-Fri 12-25-01-PM | AZ11: 0.4 | BA11: 5.948 | BB11: -52.9308 | BC11: 18.5875 | BD11: 09-12-2025-Fri 12-25-01-PM | BE11: 0.1 | BF11: 5.956 | BG11: -51.379 | BH11: 74.45 | BI11: 09-12-2025-Fri 12-25-01-PM | BJ11: 0.1 | BK11: 5.956 | BL11: -51.379 | BM11: 74.45 | BN11: 09-12-2025-Fri 12-25-01-PM | BO11: 0.4 | BP11: 5.956 | BQ11: -50.234 | BR11: 18.6125 | BS11: 10-24-2025-Fri 18-48-56-PM | BT11: 0.6 | BU11: 5.848 | BV11: -58.9978 | BW11: 12.1833 | BX11: 10-24-2025-Fri 18-48-56-PM | BY11: 0.4 | BZ11: 5.856 | CA11: -56.184 | CB11: 18.3 | CM11: 10-24-2025-Fri 18-48-56-PM | CN11: -0.1 | CO11: 5.856 | CP11: -53.193 | CQ11: -73.2 | CR11: 10-24-2025-Fri 18-48-56-PM | CS11: 0.4 | CT11: 5.86 | CU11: -54.2838 | CV11: 18.3125 | CW11: 10-24-2025-Fri 18-48-56-PM | CX11: 0.3 | CY11: 5.852 | CZ11: -55.618 | DA11: 24.3833 | DB11: 10-24-2025-Fri 18-48-56-PM | DC11: 0.5 | DD11: 5.856 | DE11: -52.2375 | DF11: 14.64 | DQ11: 09-05-2025-Fri 20-16-12-PM | DR11: 0.2 | DS11: 5.904 | DT11: -66.5952 | DU11: 36.9 | DV11: 09-05-2025-Fri 20-16-12-PM | DW11: 0.3 | DX11: 5.908 | DY11: -64.974 | DZ11: 24.6167 | EA11: 09-05-2025-Fri 20-16-12-PM | EB11: 0.2 | EC11: 5.912 | ED11: -65.0511 | EE11: 36.95 | EF11: 09-05-2025-Fri 20-16-12-PM | EG11: 0.3 | EH11: 5.908 | EI11: -63.221 | EJ11: 24.6167 | EK11: 09-27-2025-Sat 13-28-35-PM | EL11: 0.1 | EM11: 5.96 | EN11: -65.6098 | EO11: 74.5 | EP11: 09-27-2025-Sat 13-28-35-PM | EQ11: 0.2 | ER11: 5.976 | ES11: -63.703 | ET11: 37.35 | EU11: 09-27-2025-Sat 13-28-35-PM | EV11: 0.1 | EW11: 5.96 | EX11: -64.328 | EY11: 74.5 | EZ11: 09-27-2025-Sat 13-28-35-PM | FA11: 0.1 | FB11: 5.968 | FC11: -63.391 | FD11: 74.6 | FE11: 09-27-2025-Sat 13-28-35-PM | FF11: 0.4 | FG11: 5.964 | FH11: -67.6787 | FI11: 18.6375 | FJ11: 09-27-2025-Sat 13-28-35-PM | FK11: -0.2 | FL11: 5.968 | FM11: -64.852 | FN11: -37.3 | FO11: 09-27-2025-Sat 13-28-35-PM | FP11: -0.1 | FQ11: 5.972 | FR11: -66.1025 | FS11: -74.65 | FT11: 09-27-2025-Sat 13-28-35-PM | FU11: 0.2 | FV11: 5.968 | FW11: -64.031 | FX11: 37.3 | GD11: 09-27-2025-Sat 13-28-35-PM | GE11: 0.7 | GF11: 5.972 | GG11: -61.1707 | GH11: 10.6643 | GI11: 09-27-2025-Sat 13-28-35-PM | GJ11: 0 | GK11: 5.972 | GL11: -62.651 | GM11: inf | GN11: 09-27-2025-Sat 13-28-35-PM | GO11: 0.1 | GP11: 5.972 | GQ11: -62.4539 | GR11: 74.65 | GS11: 09-27-2025-Sat 13-28-35-PM | GT11: 0.1 | GU11: 5.968 | GV11: -64.227 | GW11: 74.6 | HM11: 08-29-2025-Fri 15-32-03-PM | HN11: 0.4 | HO11: 5.904 | HP11: -70.9266 | HQ11: 18.45 | HR11: 08-29-2025-Fri 15-32-03-PM | HS11: 0.2 | HT11: 5.912 | HU11: -70.588 | HV11: 36.95 | HW11: 08-29-2025-Fri 15-32-03-PM | HX11: 0.2 | HY11: 5.908 | HZ11: -70.3036 | IA11: 36.925 | IB11: 08-29-2025-Fri 15-32-03-PM | IC11: 0.1 | ID11: 5.908 | IE11: -69.735 | IF11: 73.85 | IG11: 08-29-2025-Fri 15-32-03-PM | IH11: 0 | II11: 5.904 | IJ11: -69.5164 | IK11: inf | IL11: 08-29-2025-Fri 15-32-03-PM | IM11: 0.6 | IN11: 5.916 | IO11: -69.746 | IP11: 12.325 | IQ11: 08-29-2025-Fri 15-32-03-PM | IR11: 0.4 | IS11: 5.904 | IT11: -71.0905 | IU11: 18.45 | IV11: 08-29-2025-Fri 15-32-03-PM | IW11: 0.4 | IX11: 5.908 | IY11: -70.5 | IZ11: 18.4625
A12: 10-24-2025-Fri 18-48-58-PM | B12: 0.2 | C12: 5.852 | D12: -56.1309 | E12: 36.575 | F12: 10-24-2025-Fri 18-48-58-PM | G12: 0.1 | H12: 5.86 | I12: -53.842 | J12: 73.25 | K12: 10-24-2025-Fri 18-48-58-PM | L12: 0.2 | M12: 5.852 | N12: -56.0649 | O12: 36.575 | P12: 10-24-2025-Fri 18-48-58-PM | Q12: 0.1 | R12: 5.852 | S12: -55.191 | T12: 73.15 | U12: 10-24-2025-Fri 18-48-58-PM | V12: -0.2 | W12: 5.86 | X12: -57.3505 | Y12: -36.625 | Z12: 10-24-2025-Fri 18-48-58-PM | AA12: 0.3 | AB12: 5.856 | AC12: -54.37 | AD12: 24.4 | AE12: 09-12-2025-Fri 12-25-03-PM | AF12: 0 | AG12: 5.944 | AH12: -50.7184 | AI12: inf | AJ12: 09-12-2025-Fri 12-25-03-PM | AK12: 0.1 | AL12: 5.96 | AM12: -50.135 | AN12: 74.5 | AO12: 09-12-2025-Fri 12-25-03-PM | AP12: 0.3 | AQ12: 5.948 | AR12: -50.6192 | AS12: 24.7833 | AT12: 09-12-2025-Fri 12-25-03-PM | AU12: 0.3 | AV12: 5.956 | AW12: -50.47 | AX12: 24.8167 | AY12: 09-12-2025-Fri 12-25-03-PM | AZ12: 0.5 | BA12: 5.948 | BB12: -52.9638 | BC12: 14.87 | BD12: 09-12-2025-Fri 12-25-03-PM | BE12: 0.2 | BF12: 5.956 | BG12: -51.423 | BH12: 37.225 | BI12: 09-12-2025-Fri 12-25-03-PM | BJ12: -0.1 | BK12: 5.956 | BL12: -51.379 | BM12: -74.45 | BN12: 09-12-2025-Fri 12-25-03-PM | BO12: 0.1 | BP12: 5.956 | BQ12: -50.245 | BR12: 74.45 | BS12: 10-24-2025-Fri 18-48-58-PM | BT12: 0.2 | BU12: 5.852 | BV12: -58.9648 | BW12: 36.575 | BX12: 10-24-2025-Fri 18-48-58-PM | BY12: 0.3 | BZ12: 5.86 | CA12: -56.217 | CB12: 24.4167 | CM12: 10-24-2025-Fri 18-48-58-PM | CN12: 0.2 | CO12: 5.86 | CP12: -53.237 | CQ12: 36.625 | CR12: 10-24-2025-Fri 18-48-58-PM | CS12: 0.4 | CT12: 5.86 | CU12: -54.3168 | CV12: 18.3125 | CW12: 10-24-2025-Fri 18-48-58-PM | CX12: 0.6 | CY12: 5.848 | CZ12: -55.651 | DA12: 12.1833 | DB12: 10-24-2025-Fri 18-48-58-PM | DC12: 0.4 | DD12: 5.856 | DE12: -52.3366 | DF12: 18.3 | DQ12: 09-05-2025-Fri 20-16-15-PM | DR12: 0.1 | DS12: 5.904 | DT12: -66.6279 | DU12: 73.8 | DV12: 09-05-2025-Fri 20-16-15-PM | DW12: 0.2 | DX12: 5.908 | DY12: -64.985 | DZ12: 36.925 | EA12: 09-05-2025-Fri 20-16-15-PM | EB12: 0 | EC12: 5.908 | ED12: -65.084 | EE12: inf | EF12: 09-05-2025-Fri 20-16-15-PM | EG12: 0.1 | EH12: 5.912 | EI12: -63.243 | EJ12: 73.9 | EK12: 09-27-2025-Sat 13-28-37-PM | EL12: 0.3 | EM12: 5.96 | EN12: -65.6425 | EO12: 24.8333 | EP12: 09-27-2025-Sat 13-28-37-PM | EQ12: 0.2 | ER12: 5.972 | ES12: -63.736 | ET12: 37.325 | EU12: 09-27-2025-Sat 13-28-37-PM | EV12: -0.1 | EW12: 5.964 | EX12: -64.361 | EY12: -74.55 | EZ12: 09-27-2025-Sat 13-28-37-PM | FA12: 0 | FB12: 5.968 | FC12: -63.424 | FD12: inf | FE12: 09-27-2025-Sat 13-28-37-PM | FF12: 0.2 | FG12: 5.96 | FH12: -67.7115 | FI12: 37.25 | FJ12: 09-27-2025-Sat 13-28-37-PM | FK12: 0.2 | FL12: 5.968 | FM12: -64.896 | FN12: 37.3 | FO12: 09-27-2025-Sat 13-28-37-PM | FP12: 0.2 | FQ12: 5.968 | FR12: -66.1353 | FS12: 37.3 | FT12: 09-27-2025-Sat 13-28-37-PM | FU12: 0.2 | FV12: 5.968 | FW12: -64.075 | FX12: 37.3 | GD12: 09-27-2025-Sat 13-28-37-PM | GE12: 0.3 | GF12: 5.972 | GG12: -61.2036 | GH12: 24.8833 | GI12: 09-27-2025-Sat 13-28-37-PM | GJ12: 0 | GK12: 5.972 | GL12: -62.684 | GM12: inf | GN12: 09-27-2025-Sat 13-28-37-PM | GO12: 0.3 | GP12: 5.972 | GQ12: -62.4868 | GR12: 24.8833 | GS12: 09-27-2025-Sat 13-28-37-PM | GT12: 0.5 | GU12: 5.964 | GV12: -64.277 | GW12: 14.91 | HM12: 08-29-2025-Fri 15-32-05-PM | HN12: 0.2 | HO12: 5.904 | HP12: -70.9594 | HQ12: 36.9 | HR12: 08-29-2025-Fri 15-32-05-PM | HS12: 0.4 | HT12: 5.908 | HU12: -70.61 | HV12: 18.4625 | HW12: 08-29-2025-Fri 15-32-05-PM | HX12: 0.1 | HY12: 5.912 | HZ12: -70.3364 | IA12: 73.9 | IB12: 08-29-2025-Fri 15-32-05-PM | IC12: 0.3 | ID12: 5.912 | IE12: -69.768 | IF12: 24.6333 | IG12: 08-29-2025-Fri 15-32-05-PM | IH12: 0.4 | II12: 5.9 | IJ12: -69.5492 | IK12: 18.4375 | IL12: 08-29-2025-Fri 15-32-05-PM | IM12: 0.1 | IN12: 5.916 | IO12: -69.768 | IP12: 73.95 | IQ12: 08-29-2025-Fri 15-32-05-PM | IR12: 0.2 | IS12: 5.904 | IT12: -71.0905 | IU12: 36.9 | IV12: 08-29-2025-Fri 15-32-05-PM | IW12: 0.3 | IX12: 5.908 | IY12: -70.5 | IZ12: 24.6167
A13: 10-24-2025-Fri 18-49-00-PM | B13: 0.1 | C13: 5.848 | D13: -56.1309 | E13: 73.1 | F13: 10-24-2025-Fri 18-49-00-PM | G13: 0.2 | H13: 5.864 | I13: -53.853 | J13: 36.65 | K13: 10-24-2025-Fri 18-49-00-PM | L13: 0.1 | M13: 5.848 | N13: -56.0649 | O13: 73.1 | P13: 10-24-2025-Fri 18-49-00-PM | Q13: 0.2 | R13: 5.852 | S13: -55.207 | T13: 36.575 | U13: 10-24-2025-Fri 18-49-00-PM | V13: 0 | W13: 5.86 | X13: -57.3835 | Y13: inf | Z13: 10-24-2025-Fri 18-49-00-PM | AA13: 0.2 | AB13: 5.856 | AC13: -54.381 | AD13: 36.6 | AE13: 09-12-2025-Fri 12-25-06-PM | AF13: 0.2 | AG13: 5.948 | AH13: -50.7184 | AI13: 37.175 | AJ13: 09-12-2025-Fri 12-25-06-PM | AK13: 0.2 | AL13: 5.964 | AM13: -50.146 | AN13: 37.275 | AO13: 09-12-2025-Fri 12-25-06-PM | AP13: 0.2 | AQ13: 5.948 | AR13: -50.6192 | AS13: 37.175 | AT13: 09-12-2025-Fri 12-25-06-PM | AU13: 0.2 | AV13: 5.952 | AW13: -50.47 | AX13: 37.2 | AY13: 09-12-2025-Fri 12-25-06-PM | AZ13: 0.5 | BA13: 5.948 | BB13: -52.9638 | BC13: 14.87 | BD13: 09-12-2025-Fri 12-25-06-PM | BE13: 0.4 | BF13: 5.956 | BG13: -51.423 | BH13: 18.6125 | BI13: 09-12-2025-Fri 12-25-06-PM | BJ13: 0.5 | BK13: 5.956 | BL13: -51.379 | BM13: 14.89 | BN13: 09-12-2025-Fri 12-25-06-PM | BO13: 0.1 | BP13: 5.956 | BQ13: -50.245 | BR13: 74.45 | BS13: 10-24-2025-Fri 18-49-00-PM | BT13: 0.1 | BU13: 5.852 | BV13: -58.9978 | BW13: 73.15 | BX13: 10-24-2025-Fri 18-49-00-PM | BY13: 0.2 | BZ13: 5.856 | CA13: -56.217 | CB13: 36.6 | CM13: 10-24-2025-Fri 18-49-00-PM | CN13: 0.2 | CO13: 5.856 | CP13: -53.259 | CQ13: 36.6 | CR13: 10-24-2025-Fri 18-49-00-PM | CS13: 0.6 | CT13: 5.856 | CU13: -54.3499 | CV13: 12.2 | CW13: 10-24-2025-Fri 18-49-00-PM | CX13: 0.3 | CY13: 5.852 | CZ13: -55.634 | DA13: 24.3833 | DB13: 10-24-2025-Fri 18-49-00-PM | DC13: 0.7 | DD13: 5.856 | DE13: -52.2706 | DF13: 10.4571 | DL13: 10-24-2025-Fri 18-49-00-PM | DM13: 0.1 | DN13: 5.86 | DO13: -49.628 | DP13: 73.25 | DQ13: 09-05-2025-Fri 20-16-17-PM | DR13: 0.3 | DS13: 5.9 | DT13: -66.6279 | DU13: 24.5833 | DV13: 09-05-2025-Fri 20-16-17-PM | DW13: 0.1 | DX13: 5.908 | DY13: -65.007 | DZ13: 73.85 | EA13: 09-05-2025-Fri 20-16-17-PM | EB13: 0.1 | EC13: 5.912 | ED13: -65.1169 | EE13: 73.9 | EF13: 09-05-2025-Fri 20-16-17-PM | EG13: 0.5 | EH13: 5.908 | EI13: -63.265 | EJ13: 14.77 | EK13: 09-27-2025-Sat 13-28-40-PM | EL13: 0.2 | EM13: 5.96 | EN13: -65.6425 | EO13: 37.25 | EP13: 09-27-2025-Sat 13-28-40-PM | EQ13: 0.3 | ER13: 5.976 | ES13: -63.758 | ET13: 24.9 | EU13: 09-27-2025-Sat 13-28-40-PM | EV13: 0.2 | EW13: 5.964 | EX13: -64.4267 | EY13: 37.275 | EZ13: 09-27-2025-Sat 13-28-40-PM | FA13: 0.2 | FB13: 5.964 | FC13: -63.457 | FD13: 37.275 | FE13: 09-27-2025-Sat 13-28-40-PM | FF13: 0.4 | FG13: 5.964 | FH13: -67.7115 | FI13: 18.6375 | FJ13: 09-27-2025-Sat 13-28-40-PM | FK13: -0.1 | FL13: 5.968 | FM13: -64.885 | FN13: -74.6 | FO13: 09-27-2025-Sat 13-28-40-PM | FP13: 0 | FQ13: 5.972 | FR13: -66.1353 | FS13: inf | FT13: 09-27-2025-Sat 13-28-40-PM | FU13: 0.4 | FV13: 5.968 | FW13: -64.064 | FX13: 18.65 | GD13: 09-27-2025-Sat 13-28-40-PM | GE13: 0.4 | GF13: 5.972 | GG13: -61.2036 | GH13: 18.6625 | GI13: 09-27-2025-Sat 13-28-40-PM | GJ13: 0.4 | GK13: 5.972 | GL13: -62.706 | GM13: 18.6625 | GN13: 09-27-2025-Sat 13-28-40-PM | GO13: 0.5 | GP13: 5.976 | GQ13: -62.4868 | GR13: 14.94 | GS13: 09-27-2025-Sat 13-28-40-PM | GT13: 0.2 | GU13: 5.964 | GV13: -64.26 | GW13: 37.275 | HM13: 08-29-2025-Fri 15-33-45-PM | HN13: 0.4 | HO13: 5.904 | HP13: -71.9755 | HQ13: 18.45 | HR13: 08-29-2025-Fri 15-33-45-PM | HS13: 0.3 | HT13: 5.912 | HU13: -71.67 | HV13: 24.6333 | HW13: 08-29-2025-Fri 15-33-45-PM | HX13: -0.1 | HY13: 5.912 | HZ13: -71.4511 | IA13: -73.9 | IB13: 08-29-2025-Fri 15-33-45-PM | IC13: 0.1 | ID13: 5.908 | IE13: -70.905 | IF13: 73.85 | IG13: 08-29-2025-Fri 15-33-45-PM | IH13: 0.2 | II13: 5.9 | IJ13: -70.5987 | IK13: 36.875 | IL13: 08-29-2025-Fri 15-33-45-PM | IM13: 0.3 | IN13: 5.916 | IO13: -70.883 | IP13: 24.65 | IQ13: 08-29-2025-Fri 15-33-45-PM | IR13: 0.3 | IS13: 5.904 | IT13: -72.1721 | IU13: 24.6 | IV13: 08-29-2025-Fri 15-33-45-PM | IW13: 0.3 | IX13: 5.908 | IY13: -71.664 | IZ13: 24.6167
A14: 10-24-2025-Fri 18-49-03-PM | B14: -0.2 | C14: 5.848 | D14: -56.1638 | E14: -36.55 | F14: 10-24-2025-Fri 18-49-03-PM | G14: -0.1 | H14: 5.86 | I14: -53.886 | J14: -73.25 | K14: 10-24-2025-Fri 18-49-03-PM | L14: 0 | M14: 5.848 | N14: -56.0978 | O14: inf | P14: 10-24-2025-Fri 18-49-03-PM | Q14: 0.3 | R14: 5.856 | S14: -55.224 | T14: 24.4 | U14: 10-24-2025-Fri 18-49-03-PM | V14: 0 | W14: 5.86 | X14: -57.3835 | Y14: inf | Z14: 10-24-2025-Fri 18-49-03-PM | AA14: 0.1 | AB14: 5.856 | AC14: -54.414 | AD14: 73.2 | AE14: 09-12-2025-Fri 12-25-08-PM | AF14: 0.1 | AG14: 5.948 | AH14: -50.7514 | AI14: 74.35 | AJ14: 09-12-2025-Fri 12-25-08-PM | AK14: 0.2 | AL14: 5.96 | AM14: -50.168 | AN14: 37.25 | AO14: 09-12-2025-Fri 12-25-08-PM | AP14: 0.2 | AQ14: 5.948 | AR14: -50.6522 | AS14: 37.175 | AT14: 09-12-2025-Fri 12-25-08-PM | AU14: 0.1 | AV14: 5.952 | AW14: -50.504 | AX14: 74.4 | AY14: 09-12-2025-Fri 12-25-08-PM | AZ14: 0.2 | BA14: 5.948 | BB14: -52.9638 | BC14: 37.175 | BD14: 09-12-2025-Fri 12-25-08-PM | BE14: 0.4 | BF14: 5.956 | BG14: -51.423 | BH14: 18.6125 | BI14: 09-12-2025-Fri 12-25-08-PM | BJ14: 0.2 | BK14: 5.96 | BL14: -51.412 | BM14: 37.25 | BN14: 09-12-2025-Fri 12-25-08-PM | BO14: 0.2 | BP14: 5.956 | BQ14: -50.267 | BR14: 37.225 | BS14: 10-24-2025-Fri 18-49-03-PM | BT14: 0.3 | BU14: 5.848 | BV14: -58.9978 | BW14: 24.3667 | BX14: 10-24-2025-Fri 18-49-03-PM | BY14: 0.3 | BZ14: 5.856 | CA14: -56.25 | CB14: 24.4 | CM14: 10-24-2025-Fri 18-49-03-PM | CN14: 0.3 | CO14: 5.86 | CP14: -53.281 | CQ14: 24.4167 | CR14: 10-24-2025-Fri 18-49-03-PM | CS14: 0.3 | CT14: 5.856 | CU14: -54.3499 | CV14: 24.4 | CW14: 10-24-2025-Fri 18-49-03-PM | CX14: 0.4 | CY14: 5.852 | CZ14: -55.684 | DA14: 18.2875 | DB14: 10-24-2025-Fri 18-49-03-PM | DC14: 0.3 | DD14: 5.856 | DE14: -52.3696 | DF14: 24.4 | DL14: 10-24-2025-Fri 18-49-03-PM | DM14: 0.5 | DN14: 5.86 | DO14: -49.6941 | DP14: 14.65 | DQ14: 09-05-2025-Fri 20-16-19-PM | DR14: 0.1 | DS14: 5.904 | DT14: -66.6279 | DU14: 73.8 | DV14: 09-05-2025-Fri 20-16-19-PM | DW14: 0 | DX14: 5.912 | DY14: -65.007 | DZ14: inf | EA14: 09-05-2025-Fri 20-16-19-PM | EB14: 0.1 | EC14: 5.912 | ED14: -65.1169 | EE14: 73.9 | EF14: 09-05-2025-Fri 20-16-19-PM | EG14: 0.3 | EH14: 5.912 | EI14: -63.298 | EJ14: 24.6333 | EK14: 09-27-2025-Sat 13-28-42-PM | EL14: -0.1 | EM14: 5.96 | EN14: -65.6425 | EO14: -74.5 | EP14: 09-27-2025-Sat 13-28-42-PM | EQ14: 0.1 | ER14: 5.972 | ES14: -63.769 | ET14: 74.65 | EU14: 09-27-2025-Sat 13-28-42-PM | EV14: 0.1 | EW14: 5.96 | EX14: -64.4267 | EY14: 74.5 | EZ14: 09-27-2025-Sat 13-28-42-PM | FA14: 0 | FB14: 5.964 | FC14: -63.473 | FD14: inf | FE14: 09-27-2025-Sat 13-28-42-PM | FF14: 0.3 | FG14: 5.96 | FH14: -67.7444 | FI14: 24.8333 | FJ14: 09-27-2025-Sat 13-28-42-PM | FK14: 0.2 | FL14: 5.968 | FM14: -64.918 | FN14: 37.3 | FO14: 09-27-2025-Sat 13-28-42-PM | FP14: 0 | FQ14: 5.968 | FR14: -66.1682 | FS14: inf | FT14: 09-27-2025-Sat 13-28-42-PM | FU14: 0 | FV14: 5.964 | FW14: -64.086 | FX14: inf | GD14: 09-27-2025-Sat 13-28-42-PM | GE14: 0.4 | GF14: 5.972 | GG14: -61.2365 | GH14: 18.6625 | GI14: 09-27-2025-Sat 13-28-42-PM | GJ14: 0.2 | GK14: 5.976 | GL14: -62.728 | GM14: 37.35 | GN14: 09-27-2025-Sat 13-28-42-PM | GO14: 0.2 | GP14: 5.972 | GQ14: -62.5196 | GR14: 37.325 | GS14: 09-27-2025-Sat 13-28-42-PM | GT14: 0.5 | GU14: 5.964 | GV14: -64.293 | GW14: 14.91 | HM14: 08-29-2025-Fri 15-33-47-PM | HN14: 0.2 | HO14: 5.904 | HP14: -72.0083 | HQ14: 36.9 | HR14: 08-29-2025-Fri 15-33-47-PM | HS14: 0.2 | HT14: 5.908 | HU14: -71.702 | HV14: 36.925 | HW14: 08-29-2025-Fri 15-33-47-PM | HX14: 0.4 | HY14: 5.912 | HZ14: -71.4511 | IA14: 18.475 | IB14: 08-29-2025-Fri 15-33-47-PM | IC14: 0.3 | ID14: 5.908 | IE14: -70.905 | IF14: 24.6167 | IG14: 08-29-2025-Fri 15-33-47-PM | IH14: -0.3 | II14: 5.9 | IJ14: -70.5987 | IK14: -24.5833 | IL14: 08-29-2025-Fri 15-33-47-PM | IM14: 0.2 | IN14: 5.916 | IO14: -70.959 | IP14: 36.975 | IQ14: 08-29-2025-Fri 15-33-47-PM | IR14: 0.2 | IS14: 5.904 | IT14: -72.336 | IU14: 36.9 | IV14: 08-29-2025-Fri 15-33-47-PM | IW14: 0.2 | IX14: 5.908 | IY14: -71.762 | IZ14: 36.925
A15: 10-24-2025-Fri 18-49-05-PM | B15: 0.1 | C15: 5.848 | D15: -56.1968 | E15: 73.1 | F15: 10-24-2025-Fri 18-49-05-PM | G15: 0 | H15: 5.864 | I15: -53.919 | J15: inf | K15: 10-24-2025-Fri 18-49-05-PM | L15: 0.2 | M15: 5.852 | N15: -56.0978 | O15: 36.575 | P15: 10-24-2025-Fri 18-49-05-PM | Q15: 0.1 | R15: 5.852 | S15: -55.24 | T15: 73.15 | U15: 10-24-2025-Fri 18-49-05-PM | V15: 0.1 | W15: 5.856 | X15: -57.3835 | Y15: 73.2 | Z15: 10-24-2025-Fri 18-49-05-PM | AA15: 0.1 | AB15: 5.856 | AC15: -54.436 | AD15: 73.2 | AE15: 09-12-2025-Fri 12-25-10-PM | AF15: 0.1 | AG15: 5.948 | AH15: -50.7184 | AI15: 74.35 | AJ15: 09-12-2025-Fri 12-25-10-PM | AK15: 0.2 | AL15: 5.96 | AM15: -50.168 | AN15: 37.25 | AO15: 09-12-2025-Fri 12-25-10-PM | AP15: 0.3 | AQ15: 5.948 | AR15: -50.6522 | AS15: 24.7833 | AT15: 09-12-2025-Fri 12-25-10-PM | AU15: 0.1 | AV15: 5.956 | AW15: -50.504 | AX15: 74.45 | AY15: 09-12-2025-Fri 12-25-10-PM | AZ15: 0.5 | BA15: 5.948 | BB15: -52.9968 | BC15: 14.87 | BD15: 09-12-2025-Fri 12-25-10-PM | BE15: 0.4 | BF15: 5.956 | BG15: -51.412 | BH15: 18.6125 | BI15: 09-12-2025-Fri 12-25-10-PM | BJ15: 0.3 | BK15: 5.956 | BL15: -51.412 | BM15: 24.8167 | BN15: 09-12-2025-Fri 12-25-10-PM | BO15: 0.1 | BP15: 5.956 | BQ15: -50.245 | BR15: 74.45 | BS15: 10-24-2025-Fri 18-49-05-PM | BT15: 0.2 | BU15: 5.848 | BV15: -59.0307 | BW15: 36.55 | BX15: 10-24-2025-Fri 18-49-05-PM | BY15: 0.4 | BZ15: 5.856 | CA15: -56.261 | CB15: 18.3 | CM15: 10-24-2025-Fri 18-49-05-PM | CN15: 0.2 | CO15: 5.86 | CP15: -53.314 | CQ15: 36.625 | CR15: 10-24-2025-Fri 18-49-05-PM | CS15: 0.4 | CT15: 5.856 | CU15: -54.3828 | CV15: 18.3 | CW15: 10-24-2025-Fri 18-49-05-PM | CX15: 0.1 | CY15: 5.852 | CZ15: -55.7 | DA15: 73.15 | DB15: 10-24-2025-Fri 18-49-05-PM | DC15: 0.4 | DD15: 5.856 | DE15: -52.3696 | DF15: 18.3 | DL15: 10-24-2025-Fri 18-49-05-PM | DM15: 0.5 | DN15: 5.864 | DO15: -49.7271 | DP15: 14.66 | DQ15: 09-05-2025-Fri 20-16-22-PM | DR15: 0.2 | DS15: 5.904 | DT15: -66.6937 | DU15: 36.9 | DV15: 09-05-2025-Fri 20-16-22-PM | DW15: 0 | DX15: 5.908 | DY15: -65.062 | DZ15: inf | EA15: 09-05-2025-Fri 20-16-22-PM | EB15: -0.1 | EC15: 5.912 | ED15: -65.1497 | EE15: -73.9 | EF15: 09-05-2025-Fri 20-16-22-PM | EG15: 0.1 | EH15: 5.908 | EI15: -63.32 | EJ15: 73.85 | EK15: 09-27-2025-Sat 13-28-44-PM | EL15: 0 | EM15: 5.96 | EN15: -65.6754 | EO15: inf | EP15: 09-27-2025-Sat 13-28-44-PM | EQ15: 0.1 | ER15: 5.976 | ES15: -63.802 | ET15: 74.7 | EU15: 09-27-2025-Sat 13-28-44-PM | EV15: 0.3 | EW15: 5.96 | EX15: -64.4267 | EY15: 24.8333 | EZ15: 09-27-2025-Sat 13-28-44-PM | FA15: 0.2 | FB15: 5.964 | FC15: -63.49 | FD15: 37.275 | FE15: 09-27-2025-Sat 13-28-44-PM | FF15: 0.4 | FG15: 5.964 | FH15: -67.7444 | FI15: 18.6375 | FJ15: 09-27-2025-Sat 13-28-44-PM | FK15: 0.1 | FL15: 5.968 | FM15: -64.918 | FN15: 74.6 | FO15: 09-27-2025-Sat 13-28-44-PM | FP15: 0.1 | FQ15: 5.972 | FR15: -66.1682 | FS15: 74.65 | FT15: 09-27-2025-Sat 13-28-44-PM | FU15: 0.3 | FV15: 5.968 | FW15: -64.13 | FX15: 24.8667 | GD15: 09-27-2025-Sat 13-28-44-PM | GE15: 0.2 | GF15: 5.972 | GG15: -61.3024 | GH15: 37.325 | GI15: 09-27-2025-Sat 13-28-44-PM | GJ15: 0.4 | GK15: 5.968 | GL15: -62.761 | GM15: 18.65 | GN15: 09-27-2025-Sat 13-28-44-PM | GO15: 0.3 | GP15: 5.972 | GQ15: -62.5526 | GR15: 24.8833 | GS15: 09-27-2025-Sat 13-28-44-PM | GT15: 0.5 | GU15: 5.964 | GV15: -64.293 | GW15: 14.91 | HM15: 08-29-2025-Fri 15-33-50-PM | HN15: 0.3 | HO15: 5.904 | HP15: -72.0738 | HQ15: 24.6 | HR15: 08-29-2025-Fri 15-33-50-PM | HS15: 0.1 | HT15: 5.908 | HU15: -71.746 | HV15: 73.85 | HW15: 08-29-2025-Fri 15-33-50-PM | HX15: 0.1 | HY15: 5.912 | HZ15: -71.4839 | IA15: 73.9 | IB15: 08-29-2025-Fri 15-33-50-PM | IC15: 0.2 | ID15: 5.908 | IE15: -70.97 | IF15: 36.925 | IG15: 08-29-2025-Fri 15-33-50-PM | IH15: -0.1 | II15: 5.904 | IJ15: -70.6643 | IK15: -73.8 | IL15: 08-29-2025-Fri 15-33-50-PM | IM15: 0.2 | IN15: 5.916 | IO15: -71.036 | IP15: 36.975 | IQ15: 08-29-2025-Fri 15-33-50-PM | IR15: 0.6 | IS15: 5.904 | IT15: -72.4998 | IU15: 12.3 | IV15: 08-29-2025-Fri 15-33-50-PM | IW15: 0.2 | IX15: 5.908 | IY15: -71.861 | IZ15: 36.925
A16: 10-24-2025-Fri 18-49-07-PM | B16: -0.1 | C16: 5.848 | D16: -56.2298 | E16: -73.1 | F16: 10-24-2025-Fri 18-49-07-PM | G16: 0.1 | H16: 5.864 | I16: -53.941 | J16: 73.3 | K16: 10-24-2025-Fri 18-49-07-PM | L16: 0 | M16: 5.848 | N16: -56.1309 | O16: inf | P16: 10-24-2025-Fri 18-49-07-PM | Q16: 0.1 | R16: 5.852 | S16: -55.29 | T16: 73.15 | U16: 10-24-2025-Fri 18-49-07-PM | V16: 0 | W16: 5.86 | X16: -57.4164 | Y16: inf | Z16: 10-24-2025-Fri 18-49-07-PM | AA16: 0.2 | AB16: 5.856 | AC16: -54.48 | AD16: 36.6 | AE16: 09-12-2025-Fri 12-27-50-PM | AF16: -0.1 | AG16: 5.952 | AH16: -51.445 | AI16: -74.4 | AJ16: 09-12-2025-Fri 12-27-50-PM | AK16: 0.1 | AL16: 5.968 | AM16: -50.928 | AN16: 74.6 | AO16: 09-12-2025-Fri 12-27-50-PM | AP16: 0.1 | AQ16: 5.952 | AR16: -51.379 | AS16: 74.4 | AT16: 09-12-2025-Fri 12-27-50-PM | AU16: 0.2 | AV16: 5.96 | AW16: -51.263 | AX16: 37.25 | AY16: 09-12-2025-Fri 12-27-50-PM | AZ16: 0.5 | BA16: 5.956 | BB16: -53.492 | BC16: 14.89 | BD16: 09-12-2025-Fri 12-27-50-PM | BE16: 0.1 | BF16: 5.96 | BG16: -52.094 | BH16: 74.5 | BI16: 09-12-2025-Fri 12-27-50-PM | BJ16: 0.2 | BK16: 5.964 | BL16: -52.0725 | BM16: 37.275 | BN16: 09-12-2025-Fri 12-27-50-PM | BO16: 0.4 | BP16: 5.96 | BQ16: -51.037 | BR16: 18.625 | BS16: 10-24-2025-Fri 18-49-07-PM | BT16: 0.3 | BU16: 5.848 | BV16: -59.0307 | BW16: 24.3667 | BX16: 10-24-2025-Fri 18-49-07-PM | BY16: 0.1 | BZ16: 5.86 | CA16: -56.294 | CB16: 73.25 | CM16: 10-24-2025-Fri 18-49-07-PM | CN16: 0 | CO16: 5.86 | CP16: -53.348 | CQ16: inf | CR16: 10-24-2025-Fri 18-49-07-PM | CS16: 0.4 | CT16: 5.856 | CU16: -54.4488 | CV16: 18.3 | CW16: 10-24-2025-Fri 18-49-07-PM | CX16: 0.3 | CY16: 5.852 | CZ16: -55.733 | DA16: 24.3833 | DB16: 10-24-2025-Fri 18-49-07-PM | DC16: 0.5 | DD16: 5.856 | DE16: -52.4357 | DF16: 14.64 | DL16: 10-24-2025-Fri 18-49-07-PM | DM16: 0.2 | DN16: 5.86 | DO16: -49.7932 | DP16: 36.625 | DQ16: 09-05-2025-Fri 20-17-35-PM | DR16: 0.1 | DS16: 5.904 | DT16: -67.1863 | DU16: 73.8 | DV16: 09-05-2025-Fri 20-17-35-PM | DW16: 0.1 | DX16: 5.908 | DY16: -65.598 | DZ16: 73.85 | EA16: 09-05-2025-Fri 20-17-35-PM | EB16: 0.1 | EC16: 5.912 | ED16: -65.6754 | EE16: 73.9 | EF16: 09-05-2025-Fri 20-17-35-PM | EG16: 0.1 | EH16: 5.908 | EI16: -63.878 | EJ16: 73.85 | EK16: 09-27-2025-Sat 13-28-47-PM | EL16: 0.1 | EM16: 5.96 | EN16: -65.6754 | EO16: 74.5 | EP16: 09-27-2025-Sat 13-28-47-PM | EQ16: 0.4 | ER16: 5.972 | ES16: -63.823 | ET16: 18.6625 | EU16: 09-27-2025-Sat 13-28-47-PM | EV16: 0.2 | EW16: 5.96 | EX16: -64.4596 | EY16: 37.25 | EZ16: 09-27-2025-Sat 13-28-47-PM | FA16: 0 | FB16: 5.964 | FC16: -63.522 | FD16: inf | FE16: 09-27-2025-Sat 13-28-47-PM | FF16: 0.3 | FG16: 5.96 | FH16: -67.7444 | FI16: 24.8333 | FJ16: 09-27-2025-Sat 13-28-47-PM | FK16: 0.1 | FL16: 5.964 | FM16: -64.951 | FN16: 74.55 | FO16: 09-27-2025-Sat 13-28-47-PM | FP16: 0.1 | FQ16: 5.972 | FR16: -66.2339 | FS16: 74.65 | FT16: 09-27-2025-Sat 13-28-47-PM | FU16: 0.1 | FV16: 5.968 | FW16: -64.152 | FX16: 74.6 | GD16: 09-27-2025-Sat 13-28-47-PM | GE16: 0.3 | GF16: 5.968 | GG16: -61.3352 | GH16: 24.8667 | GI16: 09-27-2025-Sat 13-28-47-PM | GJ16: 0.3 | GK16: 5.972 | GL16: -62.793 | GM16: 24.8833 | GN16: 09-27-2025-Sat 13-28-47-PM | GO16: 0.4 | GP16: 5.972 | GQ16: -62.5854 | GR16: 18.6625 | GS16: 09-27-2025-Sat 13-28-47-PM | GT16: 0.3 | GU16: 5.964 | GV16: -64.309 | GW16: 24.85 | HM16: 08-29-2025-Fri 15-33-52-PM | HN16: 0.3 | HO16: 5.904 | HP16: -72.0738 | HQ16: 24.6 | HR16: 08-29-2025-Fri 15-33-52-PM | HS16: 0.2 | HT16: 5.908 | HU16: -71.768 | HV16: 36.925 | HW16: 08-29-2025-Fri 15-33-52-PM | HX16: 0.2 | HY16: 5.908 | HZ16: -71.5494 | IA16: 36.925 | IB16: 08-29-2025-Fri 15-33-52-PM | IC16: 0 | ID16: 5.908 | IE16: -70.992 | IF16: inf | IG16: 08-29-2025-Fri 15-33-52-PM | IH16: 0.3 | II16: 5.904 | IJ16: -70.697 | IK16: 24.6 | IL16: 08-29-2025-Fri 15-33-52-PM | IM16: 0.2 | IN16: 5.912 | IO16: -70.97 | IP16: 36.95 | IQ16: 08-29-2025-Fri 15-33-52-PM | IR16: 0.1 | IS16: 5.904 | IT16: -72.2048 | IU16: 73.8 | IV16: 08-29-2025-Fri 15-33-52-PM | IW16: 0.6 | IX16: 5.904 | IY16: -71.73 | IZ16: 12.3
A17: 10-24-2025-Fri 18-49-10-PM | B17: 0 | C17: 5.848 | D17: -56.2298 | E17: inf | F17: 10-24-2025-Fri 18-49-10-PM | G17: 0 | H17: 5.86 | I17: -53.974 | J17: inf | K17: 10-24-2025-Fri 18-49-10-PM | L17: 0 | M17: 5.848 | N17: -56.1638 | O17: inf | P17: 10-24-2025-Fri 18-49-10-PM | Q17: 0 | R17: 5.856 | S17: -55.306 | T17: inf | U17: 10-24-2025-Fri 18-49-10-PM | V17: 0 | W17: 5.86 | X17: -57.4164 | Y17: inf | Z17: 10-24-2025-Fri 18-49-10-PM | AA17: 0 | AB17: 5.856 | AC17: -54.469 | AD17: inf | AE17: 09-12-2025-Fri 12-29-43-PM | AF17: 0 | AG17: 5.928 | AH17: -51.8082 | AI17: inf | AJ17: 09-12-2025-Fri 12-29-43-PM | AK17: 0.2 | AL17: 5.936 | AM17: -51.335 | AN17: 37.1 | AO17: 09-12-2025-Fri 12-29-43-PM | AP17: 0.3 | AQ17: 5.924 | AR17: -51.7753 | AS17: 24.6833 | AT17: 09-12-2025-Fri 12-29-43-PM | AU17: 0.5 | AV17: 5.932 | AW17: -51.676 | AX17: 14.83 | AY17: 09-12-2025-Fri 12-29-43-PM | AZ17: 0.3 | BA17: 5.924 | BB17: -53.6569 | BC17: 24.6833 | BD17: 09-12-2025-Fri 12-29-43-PM | BE17: 0.3 | BF17: 5.932 | BG17: -52.413 | BH17: 24.7167 | BI17: 09-12-2025-Fri 12-29-43-PM | BJ17: 0.6 | BK17: 5.936 | BL17: -52.3696 | BM17: 12.3667 | BN17: 09-12-2025-Fri 12-29-43-PM | BO17: 0 | BP17: 5.932 | BQ17: -51.401 | BR17: inf | BS17: 10-24-2025-Fri 18-49-10-PM | BT17: 0.5 | BU17: 5.852 | BV17: -59.0307 | BW17: 14.63 | BX17: 10-24-2025-Fri 18-49-10-PM | BY17: 0.1 | BZ17: 5.86 | CA17: -56.294 | CB17: 73.25 | CM17: 10-24-2025-Fri 18-49-10-PM | CN17: 0.1 | CO17: 5.856 | CP17: -53.381 | CQ17: 73.2 | CR17: 10-24-2025-Fri 18-49-10-PM | CS17: 0.5 | CT17: 5.856 | CU17: -54.4488 | CV17: 14.64 | CW17: 10-24-2025-Fri 18-49-10-PM | CX17: 0.4 | CY17: 5.852 | CZ17: -55.733 | DA17: 18.2875 | DB17: 10-24-2025-Fri 18-49-10-PM | DC17: 0.6 | DD17: 5.86 | DE17: -52.4357 | DF17: 12.2083 | DL17: 10-24-2025-Fri 18-49-10-PM | DM17: 0.5 | DN17: 5.864 | DO17: -49.7602 | DP17: 14.66 | DQ17: 09-05-2025-Fri 20-18-13-PM | DR17: 0.1 | DS17: 5.904 | DT17: -67.4488 | DU17: 73.8 | DV17: 09-05-2025-Fri 20-18-13-PM | DW17: 0.3 | DX17: 5.908 | DY17: -65.927 | DZ17: 24.6167 | EA17: 09-05-2025-Fri 20-18-13-PM | EB17: 0.3 | EC17: 5.912 | ED17: -65.971 | EE17: 24.6333 | EF17: 09-05-2025-Fri 20-18-13-PM | EG17: 0.1 | EH17: 5.904 | EI17: -64.185 | EJ17: 73.8 | EK17: 09-27-2025-Sat 13-28-49-PM | EL17: 0 | EM17: 5.96 | EN17: -65.7411 | EO17: inf | EP17: 09-27-2025-Sat 13-28-49-PM | EQ17: 0 | ER17: 5.976 | ES17: -63.867 | ET17: inf | EU17: 09-27-2025-Sat 13-28-49-PM | EV17: 0.1 | EW17: 5.964 | EX17: -64.5253 | EY17: 74.55 | EZ17: 09-27-2025-Sat 13-28-49-PM | FA17: 0.2 | FB17: 5.968 | FC17: -63.572 | FD17: 37.3 | FE17: 09-27-2025-Sat 13-28-49-PM | FF17: 0.2 | FG17: 5.964 | FH17: -67.81 | FI17: 37.275 | FJ17: 09-27-2025-Sat 13-28-49-PM | FK17: 0 | FL17: 5.972 | FM17: -65.017 | FN17: inf | FO17: 09-27-2025-Sat 13-28-49-PM | FP17: 0 | FQ17: 5.972 | FR17: -66.2339 | FS17: inf | FT17: 09-27-2025-Sat 13-28-49-PM | FU17: 0.1 | FV17: 5.964 | FW17: -64.173 | FX17: 74.55 | GD17: 09-27-2025-Sat 13-28-49-PM | GE17: 0.4 | GF17: 5.976 | GG17: -61.3352 | GH17: 18.675 | GI17: 09-27-2025-Sat 13-28-49-PM | GJ17: 0.1 | GK17: 5.972 | GL17: -62.826 | GM17: 74.65 | GN17: 09-27-2025-Sat 13-28-49-PM | GO17: 0.5 | GP17: 5.972 | GQ17: -62.6183 | GR17: 14.93 | GS17: 09-27-2025-Sat 13-28-49-PM | GT17: 0.3 | GU17: 5.968 | GV17: -64.408 | GW17: 24.8667 | HM17: 08-29-2025-Fri 15-37-35-PM | HN17: 0.2 | HO17: 5.9 | HP17: -74.6286 | HQ17: 36.875 | HR17: 08-29-2025-Fri 15-37-35-PM | HS17: 0.3 | HT17: 5.908 | HU17: -74.312 | HV17: 24.6167 | HW17: 08-29-2025-Fri 15-37-35-PM | HX17: 0.3 | HY17: 5.908 | HZ17: -74.0393 | IA17: 24.6167 | IB17: 08-29-2025-Fri 15-37-35-PM | IC17: 0.2 | ID17: 5.908 | IE17: -73.548 | IF17: 36.925 | IG17: 08-29-2025-Fri 15-37-35-PM | IH17: 0 | II17: 5.896 | IJ17: -73.2533 | IK17: inf | IL17: 08-29-2025-Fri 15-37-35-PM | IM17: 0.3 | IN17: 5.912 | IO17: -73.57 | IP17: 24.6333 | IQ17: 08-29-2025-Fri 15-37-35-PM | IR17: 0.1 | IS17: 5.9 | IT17: -75.0214 | IU17: 73.75 | IV17: 08-29-2025-Fri 15-37-35-PM | IW17: 0.3 | IX17: 5.904 | IY17: -74.416 | IZ17: 24.6
A18: 10-24-2025-Fri 18-49-12-PM | B18: 0 | C18: 5.848 | D18: -56.2626 | E18: inf | F18: 10-24-2025-Fri 18-49-12-PM | G18: 0.1 | H18: 5.864 | I18: -53.985 | J18: 73.3 | K18: 10-24-2025-Fri 18-49-12-PM | L18: -0.2 | M18: 5.848 | N18: -56.1638 | O18: -36.55 | P18: 10-24-2025-Fri 18-49-12-PM | Q18: 0.1 | R18: 5.852 | S18: -55.323 | T18: 73.15 | U18: 10-24-2025-Fri 18-49-12-PM | V18: 0.1 | W18: 5.86 | X18: -57.4494 | Y18: 73.25 | Z18: 10-24-2025-Fri 18-49-12-PM | AA18: 0.2 | AB18: 5.856 | AC18: -54.502 | AD18: 36.6 | AE18: 09-12-2025-Fri 12-29-45-PM | AF18: 0.2 | AG18: 5.924 | AH18: -51.8414 | AI18: 37.025 | AJ18: 09-12-2025-Fri 12-29-45-PM | AK18: -0.1 | AL18: 5.94 | AM18: -51.357 | AN18: -74.25 | AO18: 09-12-2025-Fri 12-29-45-PM | AP18: 0.3 | AQ18: 5.924 | AR18: -51.7753 | AS18: 24.6833 | AT18: 09-12-2025-Fri 12-29-45-PM | AU18: 0.3 | AV18: 5.932 | AW18: -51.676 | AX18: 24.7167 | AY18: 09-12-2025-Fri 12-29-45-PM | AZ18: 0.3 | BA18: 5.924 | BB18: -53.6569 | BC18: 24.6833 | BD18: 09-12-2025-Fri 12-29-45-PM | BE18: 0 | BF18: 5.936 | BG18: -52.369 | BH18: inf | BI18: 09-12-2025-Fri 12-29-45-PM | BJ18: 0.2 | BK18: 5.928 | BL18: -52.4027 | BM18: 37.05 | BN18: 09-12-2025-Fri 12-29-45-PM | BO18: 0.2 | BP18: 5.932 | BQ18: -51.423 | BR18: 37.075 | BS18: 10-24-2025-Fri 18-49-12-PM | BT18: 0.1 | BU18: 5.848 | BV18: -59.0307 | BW18: 73.1 | BX18: 10-24-2025-Fri 18-49-12-PM | BY18: 0.3 | BZ18: 5.856 | CA18: -56.338 | CB18: 24.4 | CM18: 10-24-2025-Fri 18-49-12-PM | CN18: 0.2 | CO18: 5.86 | CP18: -53.392 | CQ18: 36.625 | CR18: 10-24-2025-Fri 18-49-12-PM | CS18: 0.2 | CT18: 5.86 | CU18: -54.4818 | CV18: 36.625 | CW18: 10-24-2025-Fri 18-49-12-PM | CX18: 0.4 | CY18: 5.852 | CZ18: -55.783 | DA18: 18.2875 | DB18: 10-24-2025-Fri 18-49-12-PM | DC18: 0.2 | DD18: 5.852 | DE18: -52.5347 | DF18: 36.575 | DL18: 10-24-2025-Fri 18-49-12-PM | DM18: 0.5 | DN18: 5.86 | DO18: -49.7932 | DP18: 14.65 | DQ18: 09-05-2025-Fri 20-18-15-PM | DR18: 0.2 | DS18: 5.904 | DT18: -67.4817 | DU18: 36.9 | DV18: 09-05-2025-Fri 20-18-15-PM | DW18: 0.2 | DX18: 5.908 | DY18: -65.927 | DZ18: 36.925 | EA18: 09-05-2025-Fri 20-18-15-PM | EB18: 0.2 | EC18: 5.912 | ED18: -65.971 | EE18: 36.95 | EF18: 09-05-2025-Fri 20-18-15-PM | EG18: 0.2 | EH18: 5.908 | EI18: -64.163 | EJ18: 36.925 | EK18: 09-27-2025-Sat 13-28-51-PM | EL18: 0 | EM18: 5.96 | EN18: -65.7411 | EO18: inf | EP18: 09-27-2025-Sat 13-28-51-PM | EQ18: 0.2 | ER18: 5.972 | ES18: -63.878 | ET18: 37.325 | EU18: 09-27-2025-Sat 13-28-51-PM | EV18: 0.3 | EW18: 5.96 | EX18: -64.5253 | EY18: 24.8333 | EZ18: 09-27-2025-Sat 13-28-51-PM | FA18: 0.2 | FB18: 5.968 | FC18: -63.588 | FD18: 37.3 | FE18: 09-27-2025-Sat 13-28-51-PM | FF18: 0.3 | FG18: 5.964 | FH18: -67.81 | FI18: 24.85 | FJ18: 09-27-2025-Sat 13-28-51-PM | FK18: 0.1 | FL18: 5.972 | FM18: -65.006 | FN18: 74.65 | FO18: 09-27-2025-Sat 13-28-51-PM | FP18: 0 | FQ18: 5.968 | FR18: -66.2339 | FS18: inf | FT18: 09-27-2025-Sat 13-28-51-PM | FU18: -0.2 | FV18: 5.964 | FW18: -64.163 | FX18: -37.275 | GD18: 09-27-2025-Sat 13-28-51-PM | GE18: 0.2 | GF18: 5.972 | GG18: -61.3681 | GH18: 37.325 | GI18: 09-27-2025-Sat 13-28-51-PM | GJ18: 0.2 | GK18: 5.972 | GL18: -62.848 | GM18: 37.325 | GN18: 09-27-2025-Sat 13-28-51-PM | GO18: 0.1 | GP18: 5.972 | GQ18: -62.6512 | GR18: 74.65 | GS18: 09-27-2025-Sat 13-28-51-PM | GT18: 0.3 | GU18: 5.968 | GV18: -64.392 | GW18: 24.8667 | HM18: 08-29-2025-Fri 15-37-37-PM | HN18: 0.7 | HO18: 5.9 | HP18: -74.6613 | HQ18: 10.5357 | HR18: 08-29-2025-Fri 15-37-37-PM | HS18: 0.4 | HT18: 5.908 | HU18: -74.323 | HV18: 18.4625 | HW18: 08-29-2025-Fri 15-37-37-PM | HX18: 0.1 | HY18: 5.908 | HZ18: -74.0393 | IA18: 73.85 | IB18: 08-29-2025-Fri 15-37-37-PM | IC18: 0 | ID18: 5.904 | IE18: -73.57 | IF18: inf | IG18: 08-29-2025-Fri 15-37-37-PM | IH18: 0.4 | II18: 5.9 | IJ18: -73.2861 | IK18: 18.4375 | IL18: 08-29-2025-Fri 15-37-37-PM | IM18: 0.5 | IN18: 5.912 | IO18: -73.581 | IP18: 14.78 | IQ18: 08-29-2025-Fri 15-37-37-PM | IR18: 0.1 | IS18: 5.904 | IT18: -74.9886 | IU18: 73.8 | IV18: 08-29-2025-Fri 15-37-37-PM | IW18: 0.3 | IX18: 5.904 | IY18: -74.416 | IZ18: 24.6
A19: 10-24-2025-Fri 18-49-15-PM | B19: 0.1 | C19: 5.848 | D19: -56.2626 | E19: 73.1 | F19: 10-24-2025-Fri 18-49-15-PM | G19: 0.1 | H19: 5.864 | I19: -54.018 | J19: s | K19: 10-24-2025-Fri 18-49-15-PM | L19: 0 | M19: 5.848 | N19: -56.1968 | O19: inf | P19: 10-24-2025-Fri 18-49-15-PM | Q19: 0.1 | R19: 5.856 | S19: -55.356 | T19: 73.2 | U19: 10-24-2025-Fri 18-49-15-PM | V19: 0.3 | W19: 5.856 | X19: -57.4494 | Y19: 24.4 | Z19: 10-24-2025-Fri 18-49-15-PM | AA19: 0 | AB19: 5.856 | AC19: -54.524 | AD19: inf | AE19: 09-12-2025-Fri 12-29-47-PM | AF19: 0.2 | AG19: 5.928 | AH19: -51.8082 | AI19: 37.05 | AJ19: 09-12-2025-Fri 12-29-47-PM | AK19: 0.2 | AL19: 5.94 | AM19: -51.368 | AN19: 37.125 | AO19: 09-12-2025-Fri 12-29-47-PM | AP19: -0.1 | AQ19: 5.928 | AR19: -51.8082 | AS19: -74.1 | AT19: 09-12-2025-Fri 12-29-47-PM | AU19: 0.3 | AV19: 5.932 | AW19: -51.693 | AX19: 24.7167 | AY19: 09-12-2025-Fri 12-29-47-PM | AZ19: 0.5 | BA19: 5.928 | BB19: -53.6569 | BC19: 14.82 | BD19: 09-12-2025-Fri 12-29-47-PM | BE19: 0.3 | BF19: 5.936 | BG19: -52.446 | BH19: 24.7333 | BI19: 09-12-2025-Fri 12-29-47-PM | BJ19: 0.2 | BK19: 5.936 | BL19: -52.4357 | BM19: 37.1 | BN19: 09-12-2025-Fri 12-29-47-PM | BO19: 0.2 | BP19: 5.932 | BQ19: -51.423 | BR19: 37.075 | BS19: 10-24-2025-Fri 18-49-15-PM | BT19: 0.4 | BU19: 5.848 | BV19: -59.0307 | BW19: 18.275 | BX19: 10-24-2025-Fri 18-49-15-PM | BY19: 0.2 | BZ19: 5.856 | CA19: -56.349 | CB19: 36.6 | CM19: 10-24-2025-Fri 18-49-15-PM | CN19: 0.1 | CO19: 5.86 | CP19: -53.436 | CQ19: 73.25 | CR19: 10-24-2025-Fri 18-49-15-PM | CS19: 0.3 | CT19: 5.856 | CU19: -54.5148 | CV19: 24.4 | CW19: 10-24-2025-Fri 18-49-15-PM | CX19: 0.3 | CY19: 5.848 | CZ19: -55.799 | DA19: 24.3667 | DB19: 10-24-2025-Fri 18-49-15-PM | DC19: 0.6 | DD19: 5.856 | DE19: -52.5678 | DF19: 12.2 | DL19: 10-24-2025-Fri 18-49-15-PM | DM19: 0.3 | DN19: 5.86 | DO19: -49.8593 | DP19: 24.4167 | DQ19: 09-05-2025-Fri 20-18-17-PM | DR19: 0 | DS19: 5.9 | DT19: -67.4488 | DU19: inf | DV19: 09-05-2025-Fri 20-18-17-PM | DW19: 0.2 | DX19: 5.912 | DY19: -65.872 | DZ19: 36.95 | EA19: 09-05-2025-Fri 20-18-17-PM | EB19: 0.3 | EC19: 5.912 | ED19: -65.9383 | EE19: 24.6333 | EF19: 09-05-2025-Fri 20-18-17-PM | EG19: 0.1 | EH19: 5.912 | EI19: -64.218 | EJ19: 73.9 | EK19: 09-27-2025-Sat 13-28-54-PM | EL19: 0.1 | EM19: 5.96 | EN19: -65.7411 | EO19: 74.5 | EP19: 09-27-2025-Sat 13-28-54-PM | EQ19: 0.2 | ER19: 5.976 | ES19: -63.9 | ET19: 37.35 | EU19: 09-27-2025-Sat 13-28-54-PM | EV19: 0 | EW19: 5.964 | EX19: -64.5582 | EY19: inf | EZ19: 09-27-2025-Sat 13-28-54-PM | FA19: 0.2 | FB19: 5.968 | FC19: -63.621 | FD19: 37.3 | FE19: 09-27-2025-Sat 13-28-54-PM | FF19: 0.3 | FG19: 5.96 | FH19: -67.81 | FI19: 24.8333 | FJ19: 09-27-2025-Sat 13-28-54-PM | FK19: 0.2 | FL19: 5.968 | FM19: -65.017 | FN19: 37.3 | FO19: 09-27-2025-Sat 13-28-54-PM | FP19: 0 | FQ19: 5.968 | FR19: -66.2668 | FS19: inf | FT19: 09-27-2025-Sat 13-28-54-PM | FU19: 0.4 | FV19: 5.968 | FW19: -64.217 | FX19: 18.65 | GD19: 09-27-2025-Sat 13-28-54-PM | GE19: 0.3 | GF19: 5.972 | GG19: -61.4011 | GH19: 24.8833 | GI19: 09-27-2025-Sat 13-28-54-PM | GJ19: 0 | GK19: 5.976 | GL19: -62.881 | GM19: inf | GN19: 09-27-2025-Sat 13-28-54-PM | GO19: 0.2 | GP19: 5.972 | GQ19: -62.684 | GR19: 37.325 | GS19: 09-27-2025-Sat 13-28-54-PM | GT19: 0.4 | GU19: 5.964 | GV19: -64.392 | GW19: 18.6375 | HM19: 08-29-2025-Fri 15-39-15-PM | HN19: 0.1 | HO19: 5.888 | HP19: -75.4796 | HQ19: 73.6 | HR19: 08-29-2025-Fri 15-39-15-PM | HS19: 0.1 | HT19: 5.896 | HU19: -75.185 | HV19: 73.7 | HW19: 08-29-2025-Fri 15-39-15-PM | HX19: 0.1 | HY19: 5.9 | HZ19: -74.8578 | IA19: 73.75 | IB19: 08-29-2025-Fri 15-39-15-PM | IC19: 0.1 | ID19: 5.9 | IE19: -74.421 | IF19: 73.75 | IG19: 08-29-2025-Fri 15-39-15-PM | IH19: 0 | II19: 5.888 | IJ19: -74.1702 | IK19: inf | IL19: 08-29-2025-Fri 15-39-15-PM | IM19: 0.2 | IN19: 5.9 | IO19: -74.388 | IP19: 36.875 | IQ19: 08-29-2025-Fri 15-39-15-PM | IR19: 0.1 | IS19: 5.888 | IT19: -75.7414 | IU19: 73.6 | IV19: 08-29-2025-Fri 15-39-15-PM | IW19: 0.1 | IX19: 5.896 | IY19: -75.201 | IZ19: 73.7
A20: 10-24-2025-Fri 18-49-17-PM | B20: -0.1 | C20: 5.848 | D20: -56.2957 | E20: -73.1 | F20: 10-24-2025-Fri 18-49-17-PM | G20: 0.1 | H20: 5.86 | I20: -54.051 | J20: 73.25 | K20: 10-24-2025-Fri 18-49-17-PM | L20: 0.2 | M20: 5.848 | N20: -56.2298 | O20: 36.55 | P20: 10-24-2025-Fri 18-49-17-PM | Q20: 0.2 | R20: 5.852 | S20: -55.389 | T20: 36.575 | U20: 10-24-2025-Fri 18-49-17-PM | V20: 0.2 | W20: 5.856 | X20: -57.4494 | Y20: 36.6 | Z20: 10-24-2025-Fri 18-49-17-PM | AA20: 0.1 | AB20: 5.856 | AC20: -54.546 | AD20: 73.2 | AE20: 09-12-2025-Fri 12-29-50-PM | AF20: 0.1 | AG20: 5.928 | AH20: -51.8414 | AI20: 74.1 | AJ20: 09-12-2025-Fri 12-29-50-PM | AK20: 0.3 | AL20: 5.94 | AM20: -51.368 | AN20: 24.75 | AO20: 09-12-2025-Fri 12-29-50-PM | AP20: 0.3 | AQ20: 5.928 | AR20: -51.7753 | AS20: 24.7 | AT20: 09-12-2025-Fri 12-29-50-PM | AU20: 0.1 | AV20: 5.932 | AW20: -51.693 | AX20: 74.15 | AY20: 09-12-2025-Fri 12-29-50-PM | AZ20: 0.5 | BA20: 5.928 | BB20: -53.7229 | BC20: 14.82 | BD20: 09-12-2025-Fri 12-29-50-PM | BE20: 0.4 | BF20: 5.936 | BG20: -52.479 | BH20: 18.55 | BI20: 09-12-2025-Fri 12-29-50-PM | BJ20: 0.2 | BK20: 5.94 | BL20: -52.5347 | BM20: 37.125 | BN20: 09-12-2025-Fri 12-29-50-PM | BO20: 0.2 | BP20: 5.936 | BQ20: -51.478 | BR20: 37.1 | BS20: 10-24-2025-Fri 18-49-17-PM | BT20: 0.5 | BU20: 5.848 | BV20: -59.0307 | BW20: 14.62 | BX20: 10-24-2025-Fri 18-49-17-PM | BY20: 0 | BZ20: 5.86 | CA20: -56.349 | CB20: inf | CM20: 10-24-2025-Fri 18-49-17-PM | CN20: 0.2 | CO20: 5.856 | CP20: -53.469 | CQ20: 36.6 | CR20: 10-24-2025-Fri 18-49-17-PM | CS20: 0.3 | CT20: 5.856 | CU20: -54.5478 | CV20: 24.4 | CW20: 10-24-2025-Fri 18-49-17-PM | CX20: 0.2 | CY20: 5.848 | CZ20: -55.799 | DA20: 36.55 | DB20: 10-24-2025-Fri 18-49-17-PM | DC20: 0.7 | DD20: 5.856 | DE20: -52.5678 | DF20: 10.4571 | DL20: 10-24-2025-Fri 18-49-17-PM | DM20: 0.5 | DN20: 5.86 | DO20: -49.8923 | DP20: 14.65 | DQ20: 09-05-2025-Fri 20-18-20-PM | DR20: 0.3 | DS20: 5.904 | DT20: -67.4817 | DU20: 24.6 | DV20: 09-05-2025-Fri 20-18-20-PM | DW20: 0.1 | DX20: 5.912 | DY20: -65.905 | DZ20: 73.9 | EA20: 09-05-2025-Fri 20-18-20-PM | EB20: 0.1 | EC20: 5.908 | ED20: -65.971 | EE20: 73.85 | EF20: 09-05-2025-Fri 20-18-20-PM | EG20: 0.2 | EH20: 5.908 | EI20: -64.196 | EJ20: 36.925 | EK20: 09-27-2025-Sat 13-28-56-PM | EL20: 0.2 | EM20: 5.96 | EN20: -65.774 | EO20: 37.25 | EP20: 09-27-2025-Sat 13-28-56-PM | EQ20: 0.2 | ER20: 5.972 | ES20: -63.933 | ET20: 37.325 | EU20: 09-27-2025-Sat 13-28-56-PM | EV20: 0.1 | EW20: 5.96 | EX20: -64.5911 | EY20: 74.5 | EZ20: 09-27-2025-Sat 13-28-56-PM | FA20: 0.6 | FB20: 5.964 | FC20: -63.654 | FD20: 12.425 | FE20: 09-27-2025-Sat 13-28-56-PM | FF20: -0.1 | FG20: 5.96 | FH20: -67.81 | FI20: -74.5 | FJ20: 09-27-2025-Sat 13-28-56-PM | FK20: 0.1 | FL20: 5.968 | FM20: -65.049 | FN20: 74.6 | FO20: 09-27-2025-Sat 13-28-56-PM | FP20: -0.3 | FQ20: 5.968 | FR20: -66.2994 | FS20: -24.8667 | FT20: 09-27-2025-Sat 13-28-56-PM | FU20: 0.3 | FV20: 5.968 | FW20: -64.228 | FX20: 24.8667 | FY20: 09-27-2025-Sat 13-28-56-PM | FZ20: 0 | GA20: 5.972 | GB20: -62.606 | GC20: inf | GD20: 09-27-2025-Sat 13-28-56-PM | GE20: 0.3 | GF20: 5.972 | GG20: -61.434 | GH20: 24.8833 | GI20: 09-27-2025-Sat 13-28-56-PM | GJ20: 0 | GK20: 5.972 | GL20: -62.914 | GM20: inf | GN20: 09-27-2025-Sat 13-28-56-PM | GO20: 0.4 | GP20: 5.972 | GQ20: -62.717 | GR20: 18.6625 | GS20: 09-27-2025-Sat 13-28-56-PM | GT20: 0.1 | GU20: 5.964 | GV20: -64.424 | GW20: 74.55 | HM20: 08-29-2025-Fri 15-39-17-PM | HN20: 0.2 | HO20: 5.892 | HP20: -75.4796 | HQ20: 36.825 | HR20: 08-29-2025-Fri 15-39-17-PM | HS20: 0 | HT20: 5.896 | HU20: -75.152 | HV20: inf | HW20: 08-29-2025-Fri 15-39-17-PM | HX20: -0.2 | HY20: 5.9 | HZ20: -74.8905 | IA20: -36.875 | IB20: 08-29-2025-Fri 15-39-17-PM | IC20: 0.1 | ID20: 5.896 | IE20: -74.432 | IF20: 73.7 | IG20: 08-29-2025-Fri 15-39-17-PM | IH20: -0.2 | II20: 5.892 | IJ20: -74.203 | IK20: -36.825 | IL20: 08-29-2025-Fri 15-39-17-PM | IM20: 0.1 | IN20: 5.9 | IO20: -74.421 | IP20: 73.75 | IQ20: 08-29-2025-Fri 15-39-17-PM | IR20: 0.1 | IS20: 5.892 | IT20: -75.7742 | IU20: 73.65 | IV20: 08-29-2025-Fri 15-39-17-PM | IW20: 0.1 | IX20: 5.892 | IY20: -75.201 | IZ20: 73.65
A21: 10-24-2025-Fri 18-50-24-PM | B21: 0 | C21: 5.848 | D21: -56.7902 | E21: inf | F21: 10-24-2025-Fri 18-50-24-PM | G21: -0.1 | H21: 5.864 | I21: -54.733 | J21: -73.3 | K21: 10-24-2025-Fri 18-50-24-PM | L21: 0 | M21: 5.852 | N21: -56.7243 | O21: inf | P21: 10-24-2025-Fri 18-50-24-PM | Q21: 0.1 | R21: 5.856 | S21: -55.999 | T21: 73.2 | U21: 10-24-2025-Fri 18-50-24-PM | V21: 0.1 | W21: 5.856 | X21: -57.7789 | Y21: 73.2 | Z21: 10-24-2025-Fri 18-50-24-PM | AA21: 0.3 | AB21: 5.856 | AC21: -55.173 | AD21: 24.4 | AE21: 09-12-2025-Fri 12-29-52-PM | AF21: 0.1 | AG21: 5.928 | AH21: -51.8744 | AI21: 74.1 | AJ21: 09-12-2025-Fri 12-29-52-PM | AK21: 0.1 | AL21: 5.94 | AM21: -51.39 | AN21: 74.25 | AO21: 09-12-2025-Fri 12-29-52-PM | AP21: 0.3 | AQ21: 5.928 | AR21: -51.8082 | AS21: 24.7 | AT21: 09-12-2025-Fri 12-29-52-PM | AU21: 0.2 | AV21: 5.932 | AW21: -51.709 | AX21: 37.075 | AY21: 09-12-2025-Fri 12-29-52-PM | AZ21: 0 | BA21: 5.932 | BB21: -53.888 | BC21: inf | BD21: 09-12-2025-Fri 12-29-52-PM | BE21: 0.2 | BF21: 5.94 | BG21: -52.557 | BH21: 37.125 | BI21: 09-12-2025-Fri 12-29-52-PM | BJ21: 0.5 | BK21: 5.94 | BL21: -52.5678 | BM21: 14.85 | BN21: 09-12-2025-Fri 12-29-52-PM | BO21: 0.3 | BP21: 5.936 | BQ21: -51.522 | BR21: 24.7333 | BS21: 10-24-2025-Fri 18-50-24-PM | BT21: 0.3 | BU21: 5.848 | BV21: -59.1954 | BW21: 24.3667 | BX21: 10-24-2025-Fri 18-50-24-PM | BY21: 0.2 | BZ21: 5.856 | CA21: -56.822 | CB21: 36.6 | CM21: 10-24-2025-Fri 18-50-24-PM | CN21: 0.5 | CO21: 5.86 | CP21: -54.228 | CQ21: 14.65 | CR21: 10-24-2025-Fri 18-50-24-PM | CS21: 0.3 | CT21: 5.86 | CU21: -55.2734 | CV21: 24.4167 | CW21: 10-24-2025-Fri 18-50-24-PM | CX21: 0.5 | CY21: 5.848 | CZ21: -56.344 | DA21: 14.62 | DB21: 10-24-2025-Fri 18-50-24-PM | DC21: 0.7 | DD21: 5.86 | DE21: -53.492 | DF21: 10.4643 | DL21: 10-24-2025-Fri 18-50-24-PM | DM21: 0.3 | DN21: 5.864 | DO21: -50.9496 | DP21: 24.4333 | DQ21: 09-05-2025-Fri 20-18-22-PM | DR21: 0.3 | DS21: 5.904 | DT21: -67.4817 | DU21: 24.6 | DV21: 09-05-2025-Fri 20-18-22-PM | DW21: 0.1 | DX21: 5.912 | DY21: -65.949 | DZ21: 73.9 | EA21: 09-05-2025-Fri 20-18-22-PM | EB21: 0.1 | EC21: 5.912 | ED21: -65.971 | EE21: 73.9 | EF21: 09-05-2025-Fri 20-18-22-PM | EG21: 0.3 | EH21: 5.912 | EI21: -64.229 | EJ21: 24.6333 | EK21: 09-27-2025-Sat 13-28-58-PM | EL21: -0.1 | EM21: 5.956 | EN21: -65.8068 | EO21: -74.45 | EP21: 09-27-2025-Sat 13-28-58-PM | EQ21: 0.2 | ER21: 5.972 | ES21: -63.955 | ET21: 37.325 | EU21: 09-27-2025-Sat 13-28-58-PM | EV21: 0.1 | EW21: 5.96 | EX21: -64.5911 | EY21: 74.5 | EZ21: 09-27-2025-Sat 13-28-58-PM | FA21: 0.3 | FB21: 5.964 | FC21: -63.67 | FD21: 24.85 | FE21: 09-27-2025-Sat 13-28-58-PM | FF21: 0.1 | FG21: 5.96 | FH21: -67.8428 | FI21: 74.5 | FJ21: 09-27-2025-Sat 13-28-58-PM | FK21: 0.3 | FL21: 5.964 | FM21: -65.082 | FN21: 24.85 | FO21: 09-27-2025-Sat 13-28-58-PM | FP21: 0.1 | FQ21: 5.972 | FR21: -66.3324 | FS21: 74.65 | FT21: 09-27-2025-Sat 13-28-58-PM | FU21: 0.1 | FV21: 5.968 | FW21: -64.25 | FX21: 74.6 | FY21: 09-27-2025-Sat 13-28-58-PM | FZ21: 0.3 | GA21: 5.972 | GB21: -62.628 | GC21: 24.8833 | GD21: 09-27-2025-Sat 13-28-58-PM | GE21: 0.5 | GF21: 5.972 | GG21: -61.4669 | GH21: 14.93 | GI21: 09-27-2025-Sat 13-28-58-PM | GJ21: 0 | GK21: 5.972 | GL21: -62.936 | GM21: inf | GN21: 09-27-2025-Sat 13-28-58-PM | GO21: 0.3 | GP21: 5.972 | GQ21: -62.7499 | GR21: 24.8833 | GS21: 09-27-2025-Sat 13-28-58-PM | GT21: 0.3 | GU21: 5.964 | GV21: -64.457 | GW21: 24.85 | HM21: 08-29-2025-Fri 15-39-20-PM | HN21: -0.1 | HO21: 5.892 | HP21: -75.5124 | HQ21: -73.65 | HR21: 08-29-2025-Fri 15-39-20-PM | HS21: 0.1 | HT21: 5.896 | HU21: -75.218 | HV21: 73.7 | HW21: 08-29-2025-Fri 15-39-20-PM | HX21: 0.1 | HY21: 5.9 | HZ21: -74.9233 | IA21: 73.75 | IB21: 08-29-2025-Fri 15-39-20-PM | IC21: 0 | ID21: 5.896 | IE21: -74.498 | IF21: inf | IG21: 08-29-2025-Fri 15-39-20-PM | IH21: 0.1 | II21: 5.888 | IJ21: -74.2357 | IK21: 73.6 | IL21: 08-29-2025-Fri 15-39-20-PM | IM21: 0.2 | IN21: 5.904 | IO21: -74.454 | IP21: 36.9 | IQ21: 08-29-2025-Fri 15-39-20-PM | IR21: 0.4 | IS21: 5.888 | IT21: -75.8396 | IU21: 18.4 | IV21: 08-29-2025-Fri 15-39-20-PM | IW21: 0.2 | IX21: 5.896 | IY21: -75.25 | IZ21: 36.85
A22: 10-24-2025-Fri 18-50-26-PM | B22: 0 | C22: 5.848 | D22: -56.7902 | E22: inf | F22: 10-24-2025-Fri 18-50-26-PM | G22: 0 | H22: 5.86 | I22: -54.744 | J22: inf | K22: 10-24-2025-Fri 18-50-26-PM | L22: 0 | M22: 5.848 | N22: -56.7243 | O22: inf | P22: 10-24-2025-Fri 18-50-26-PM | Q22: 0.2 | R22: 5.852 | S22: -55.999 | T22: 36.575 | U22: 10-24-2025-Fri 18-50-26-PM | V22: 0 | W22: 5.86 | X22: -57.8119 | Y22: inf | Z22: 10-24-2025-Fri 18-50-26-PM | AA22: 0.1 | AB22: 5.856 | AC22: -55.184 | AD22: 73.2 | AE22: 09-12-2025-Fri 12-30-04-PM | AF22: 0.4 | AG22: 5.94 | AH22: -52.1385 | AI22: 18.5625 | AJ22: 09-12-2025-Fri 12-30-04-PM | AK22: 0.2 | AL22: 5.952 | AM22: -51.632 | AN22: 37.2 | AO22: 09-12-2025-Fri 12-30-04-PM | AP22: 0.2 | AQ22: 5.94 | AR22: -52.1055 | AS22: 37.125 | AT22: 09-12-2025-Fri 12-30-04-PM | AU22: 0.1 | AV22: 5.944 | AW22: -51.957 | AX22: 74.3 | AY22: 09-12-2025-Fri 12-30-04-PM | AZ22: 0.6 | BA22: 5.94 | BB22: -54.8447 | BC22: 12.375 | BD22: 09-12-2025-Fri 12-30-04-PM | BE22: 0.1 | BF22: 5.948 | BG22: -53.03 | BH22: 74.35 | BI22: 09-12-2025-Fri 12-30-04-PM | BJ22: 0.1 | BK22: 5.948 | BL22: -52.8649 | BM22: 74.35 | BN22: 09-12-2025-Fri 12-30-04-PM | BO22: 0 | BP22: 5.948 | BQ22: -51.753 | BR22: inf | BS22: 10-24-2025-Fri 18-50-26-PM | BT22: 0.3 | BU22: 5.848 | BV22: -59.2283 | BW22: 24.3667 | BX22: 10-24-2025-Fri 18-50-26-PM | BY22: 0.2 | BZ22: 5.856 | CA22: -56.844 | CB22: 36.6 | CM22: 10-24-2025-Fri 18-50-26-PM | CN22: 0.2 | CO22: 5.856 | CP22: -54.239 | CQ22: 36.6 | CR22: 10-24-2025-Fri 18-50-26-PM | CS22: 0.3 | CT22: 5.856 | CU22: -55.2734 | CV22: 24.4 | CW22: 10-24-2025-Fri 18-50-26-PM | CX22: 0.3 | CY22: 5.852 | CZ22: -56.36 | DA22: 24.3833 | DB22: 10-24-2025-Fri 18-50-26-PM | DC22: 0.8 | DD22: 5.856 | DE22: -53.492 | DF22: 9.15 | DL22: 10-24-2025-Fri 18-50-26-PM | DM22: 0.5 | DN22: 5.86 | DO22: -50.9496 | DP22: 14.65 | DQ22: 09-05-2025-Fri 20-18-24-PM | DR22: 0.1 | DS22: 5.904 | DT22: -67.5146 | DU22: 73.8 | DV22: 09-05-2025-Fri 20-18-24-PM | DW22: 0.1 | DX22: 5.912 | DY22: -65.971 | DZ22: 73.9 | EA22: 09-05-2025-Fri 20-18-24-PM | EB22: 0 | EC22: 5.912 | ED22: -66.0039 | EE22: inf | EF22: 09-05-2025-Fri 20-18-24-PM | EG22: 0.3 | EH22: 5.908 | EI22: -64.229 | EJ22: 24.6167 | EK22: 09-27-2025-Sat 13-29-01-PM | EL22: 0 | EM22: 5.96 | EN22: -65.8068 | EO22: inf | EP22: 09-27-2025-Sat 13-29-01-PM | EQ22: 0.2 | ER22: 5.976 | ES22: -63.977 | ET22: 37.35 | EU22: 09-27-2025-Sat 13-29-01-PM | EV22: -0.1 | EW22: 5.964 | EX22: -64.6239 | EY22: -74.55 | EZ22: 09-27-2025-Sat 13-29-01-PM | FA22: 0.3 | FB22: 5.964 | FC22: -63.703 | FD22: 24.85 | FE22: 09-27-2025-Sat 13-29-01-PM | FF22: 0.1 | FG22: 5.964 | FH22: -67.8757 | FI22: 74.55 | FJ22: 09-27-2025-Sat 13-29-01-PM | FK22: 0.3 | FL22: 5.968 | FM22: -65.104 | FN22: 24.8667 | FO22: 09-27-2025-Sat 13-29-01-PM | FP22: 0.5 | FQ22: 5.972 | FR22: -66.3324 | FS22: 14.93 | FT22: 09-27-2025-Sat 13-29-01-PM | FU22: 0.1 | FV22: 5.968 | FW22: -64.272 | FX22: 74.6 | FY22: 09-27-2025-Sat 13-29-01-PM | FZ22: 0.2 | GA22: 5.972 | GB22: -62.661 | GC22: 37.325 | GD22: 09-27-2025-Sat 13-29-01-PM | GE22: 0.2 | GF22: 5.968 | GG22: -61.4998 | GH22: 37.3 | GI22: 09-27-2025-Sat 13-29-01-PM | GJ22: -0.3 | GK22: 5.972 | GL22: -62.969 | GM22: -24.8833 | GN22: 09-27-2025-Sat 13-29-01-PM | GO22: 0.3 | GP22: 5.968 | GQ22: -62.7828 | GR22: 24.8667 | GS22: 09-27-2025-Sat 13-29-01-PM | GT22: 0.5 | GU22: 5.96 | GV22: -64.49 | GW22: 14.9 | HM22: 08-29-2025-Fri 15-41-04-PM | HN22: 0.1 | HO22: 5.888 | HP22: -76.2322 | HQ22: 73.6 | HR22: 08-29-2025-Fri 15-41-04-PM | HS22: 0.2 | HT22: 5.896 | HU22: -75.949 | HV22: 36.85 | HW22: 08-29-2025-Fri 15-41-04-PM | HX22: 0.1 | HY22: 5.896 | HZ22: -75.6432 | IA22: 73.7 | IB22: 08-29-2025-Fri 15-41-04-PM | IC22: 0.2 | ID22: 5.892 | IE22: -75.24 | IF22: 36.825 | IG22: 08-29-2025-Fri 15-41-04-PM | IH22: 0.1 | II22: 5.892 | IJ22: -75.0541 | IK22: 73.65 | IL22: 08-29-2025-Fri 15-41-04-PM | IM22: -0.1 | IN22: 5.9 | IO22: -75.163 | IP22: -73.75 | IQ22: 08-29-2025-Fri 15-41-04-PM | IR22: 0.2 | IS22: 5.888 | IT22: -76.4285 | IU22: 36.8 | IV22: 08-29-2025-Fri 15-41-04-PM | IW22: 0 | IX22: 5.892 | IY22: -75.921 | IZ22: inf
A23: 10-24-2025-Fri 18-50-28-PM | B23: -0.1 | C23: 5.848 | D23: -56.7902 | E23: -73.1 | F23: 10-24-2025-Fri 18-50-28-PM | G23: 0.1 | H23: 5.86 | I23: -54.755 | J23: 73.25 | K23: 10-24-2025-Fri 18-50-28-PM | L23: -0.2 | M23: 5.848 | N23: -56.7243 | O23: -36.55 | P23: 10-24-2025-Fri 18-50-28-PM | Q23: -0.1 | R23: 5.852 | S23: -56.015 | T23: -73.15 | U23: 10-24-2025-Fri 18-50-28-PM | V23: -0.1 | W23: 5.856 | X23: -57.8119 | Y23: -73.2 | Z23: 10-24-2025-Fri 18-50-28-PM | AA23: 0.1 | AB23: 5.86 | AC23: -55.195 | AD23: 73.25 | AE23: 09-12-2025-Fri 12-30-06-PM | AF23: 0.4 | AG23: 5.94 | AH23: -52.1715 | AI23: 18.5625 | AJ23: 09-12-2025-Fri 12-30-06-PM | AK23: 0.2 | AL23: 5.956 | AM23: -51.687 | AN23: 37.225 | AO23: 09-12-2025-Fri 12-30-06-PM | AP23: 0.2 | AQ23: 5.944 | AR23: -52.2046 | AS23: 37.15 | AT23: 09-12-2025-Fri 12-30-06-PM | AU23: 0 | AV23: 5.944 | AW23: -52.023 | AX23: inf | AY23: 09-12-2025-Fri 12-30-06-PM | AZ23: 0.4 | BA23: 5.94 | BB23: -54.9766 | BC23: 18.5625 | BD23: 09-12-2025-Fri 12-30-06-PM | BE23: 0.2 | BF23: 5.948 | BG23: -53.107 | BH23: 37.175 | BI23: 09-12-2025-Fri 12-30-06-PM | BJ23: 0.2 | BK23: 5.948 | BL23: -52.8979 | BM23: 37.175 | BN23: 09-12-2025-Fri 12-30-06-PM | BO23: 0.4 | BP23: 5.952 | BQ23: -51.819 | BR23: 18.6 | BS23: 10-24-2025-Fri 18-50-28-PM | BT23: 0.4 | BU23: 5.848 | BV23: -59.1954 | BW23: 18.275 | BX23: 10-24-2025-Fri 18-50-28-PM | BY23: 0 | BZ23: 5.856 | CA23: -56.833 | CB23: inf | CM23: 10-24-2025-Fri 18-50-28-PM | CN23: 0.1 | CO23: 5.86 | CP23: -54.261 | CQ23: 73.25 | CR23: 10-24-2025-Fri 18-50-28-PM | CS23: 0.4 | CT23: 5.856 | CU23: -55.3065 | CV23: 18.3 | CW23: 10-24-2025-Fri 18-50-28-PM | CX23: 0.4 | CY23: 5.852 | CZ23: -56.344 | DA23: 18.2875 | DB23: 10-24-2025-Fri 18-50-28-PM | DC23: 0.5 | DD23: 5.86 | DE23: -53.492 | DF23: 14.65 | DL23: 10-24-2025-Fri 18-50-28-PM | DM23: 0.4 | DN23: 5.86 | DO23: -50.9825 | DP23: 18.3125 | DQ23: 09-05-2025-Fri 20-19-36-PM | DR23: 0.2 | DS23: 5.904 | DT23: -67.8757 | DU23: 36.9 | DV23: 09-05-2025-Fri 20-19-36-PM | DW23: 0.1 | DX23: 5.912 | DY23: -66.398 | DZ23: 73.9 | EA23: 09-05-2025-Fri 20-19-36-PM | EB23: 0.2 | EC23: 5.912 | ED23: -66.4309 | EE23: 36.95 | EF23: 09-05-2025-Fri 20-19-36-PM | EG23: 0.2 | EH23: 5.912 | EI23: -64.711 | EJ23: 36.95 | EK23: 09-27-2025-Sat 13-29-03-PM | EL23: -0.1 | EM23: 5.964 | EN23: -65.8726 | EO23: -74.55 | EP23: 09-27-2025-Sat 13-29-03-PM | EQ23: 0.1 | ER23: 5.972 | ES23: -64.021 | ET23: 74.65 | EU23: 09-27-2025-Sat 13-29-03-PM | EV23: 0.2 | EW23: 5.96 | EX23: -64.6567 | EY23: 37.25 | EZ23: 09-27-2025-Sat 13-29-03-PM | FA23: 0.2 | FB23: 5.968 | FC23: -63.736 | FD23: 37.3 | FE23: 09-27-2025-Sat 13-29-03-PM | FF23: 0.4 | FG23: 5.964 | FH23: -67.8757 | FI23: 18.6375 | FJ23: 09-27-2025-Sat 13-29-03-PM | FK23: 0.1 | FL23: 5.968 | FM23: -65.115 | FN23: 74.6 | FO23: 09-27-2025-Sat 13-29-03-PM | FP23: -0.1 | FQ23: 5.972 | FR23: -66.3652 | FS23: -74.65 | FT23: 09-27-2025-Sat 13-29-03-PM | FU23: 0.2 | FV23: 5.968 | FW23: -64.316 | FX23: 37.3 | FY23: 09-27-2025-Sat 13-29-03-PM | FZ23: 0.4 | GA23: 5.972 | GB23: -62.705 | GC23: 18.6625 | GD23: 09-27-2025-Sat 13-29-03-PM | GE23: 0.2 | GF23: 5.972 | GG23: -61.5326 | GH23: 37.325 | GI23: 09-27-2025-Sat 13-29-03-PM | GJ23: 0.2 | GK23: 5.976 | GL23: -63.002 | GM23: 37.35 | GN23: 09-27-2025-Sat 13-29-03-PM | GO23: 0.4 | GP23: 5.972 | GQ23: -62.8157 | GR23: 18.6625 | GS23: 09-27-2025-Sat 13-29-03-PM | GT23: 0.2 | GU23: 5.964 | GV23: -64.49 | GW23: 37.275 | HM23: 08-29-2025-Fri 15-41-06-PM | HN23: 0 | HO23: 5.888 | HP23: -76.265 | HQ23: inf | HR23: 08-29-2025-Fri 15-41-06-PM | HS23: 0.2 | HT23: 5.896 | HU23: -75.927 | HV23: 36.85 | HW23: 08-29-2025-Fri 15-41-06-PM | HX23: -0.1 | HY23: 5.896 | HZ23: -75.6432 | IA23: -73.7 | IB23: 08-29-2025-Fri 15-41-06-PM | IC23: 0.1 | ID23: 5.896 | IE23: -75.229 | IF23: 73.7 | IG23: 08-29-2025-Fri 15-41-06-PM | IH23: 0 | II23: 5.888 | IJ23: -75.0541 | IK23: inf | IL23: 08-29-2025-Fri 15-41-06-PM | IM23: 0.1 | IN23: 5.9 | IO23: -75.152 | IP23: 73.75 | IQ23: 08-29-2025-Fri 15-41-06-PM | IR23: 0.4 | IS23: 5.888 | IT23: -76.3631 | IU23: 18.4 | IV23: 08-29-2025-Fri 15-41-06-PM | IW23: 0.3 | IX23: 5.892 | IY23: -75.889 | IZ23: 24.55
A24: 10-24-2025-Fri 18-50-31-PM | B24: 0 | C24: 5.848 | D24: -56.7902 | E24: inf | F24: 10-24-2025-Fri 18-50-31-PM | G24: 0 | H24: 5.864 | I24: -54.766 | J24: inf | K24: 10-24-2025-Fri 18-50-31-PM | L24: 0.1 | M24: 5.848 | N24: -56.7572 | O24: 73.1 | P24: 10-24-2025-Fri 18-50-31-PM | Q24: 0.1 | R24: 5.852 | S24: -56.048 | T24: 73.15 | U24: 10-24-2025-Fri 18-50-31-PM | V24: 0 | W24: 5.856 | X24: -57.8119 | Y24: inf | Z24: 10-24-2025-Fri 18-50-31-PM | AA24: -0.2 | AB24: 5.856 | AC24: -55.195 | AD24: -36.6 | AE24: 09-12-2025-Fri 12-30-09-PM | AF24: 0 | AG24: 5.944 | AH24: -52.2375 | AI24: inf | AJ24: 09-12-2025-Fri 12-30-09-PM | AK24: 0.3 | AL24: 5.96 | AM24: -51.709 | AN24: 24.8333 | AO24: 09-12-2025-Fri 12-30-09-PM | AP24: 0.4 | AQ24: 5.952 | AR24: -52.2046 | AS24: 18.6 | AT24: 09-12-2025-Fri 12-30-09-PM | AU24: 0.3 | AV24: 5.952 | AW24: -52.04 | AX24: 24.8 | AY24: 09-12-2025-Fri 12-30-09-PM | AZ24: 0.2 | BA24: 5.944 | BB24: -55.1085 | BC24: 37.15 | BD24: 09-12-2025-Fri 12-30-09-PM | BE24: 0.1 | BF24: 5.952 | BG24: -53.161 | BH24: 74.4 | BI24: 09-12-2025-Fri 12-30-09-PM | BJ24: 0 | BK24: 5.952 | BL24: -52.9308 | BM24: inf | BN24: 09-12-2025-Fri 12-30-09-PM | BO24: 0.4 | BP24: 5.952 | BQ24: -51.819 | BR24: 18.6 | BS24: 10-24-2025-Fri 18-50-31-PM | BT24: 0.2 | BU24: 5.848 | BV24: -59.2283 | BW24: 36.55 | BX24: 10-24-2025-Fri 18-50-31-PM | BY24: 0.1 | BZ24: 5.856 | CA24: -56.877 | CB24: 73.2 | CM24: 10-24-2025-Fri 18-50-31-PM | CN24: 0.2 | CO24: 5.856 | CP24: -54.283 | CQ24: 36.6 | CR24: 10-24-2025-Fri 18-50-31-PM | CS24: 0.3 | CT24: 5.856 | CU24: -55.3394 | CV24: 24.4 | CW24: 10-24-2025-Fri 18-50-31-PM | CX24: 0.5 | CY24: 5.848 | CZ24: -56.41 | DA24: 14.62 | DB24: 10-24-2025-Fri 18-50-31-PM | DC24: 0.3 | DD24: 5.856 | DE24: -53.5909 | DF24: 24.4 | DL24: 10-24-2025-Fri 18-50-31-PM | DM24: 0.6 | DN24: 5.86 | DO24: -50.9825 | DP24: 12.2083 | DQ24: 09-05-2025-Fri 20-19-39-PM | DR24: 0.1 | DS24: 5.904 | DT24: -67.9085 | DU24: 73.8 | DV24: 09-05-2025-Fri 20-19-39-PM | DW24: 0.2 | DX24: 5.912 | DY24: -66.431 | DZ24: 36.95 | EA24: 09-05-2025-Fri 20-19-39-PM | EB24: 0.1 | EC24: 5.908 | ED24: -66.4309 | EE24: 73.85 | EF24: 09-05-2025-Fri 20-19-39-PM | EG24: 0.2 | EH24: 5.908 | EI24: -64.766 | EJ24: 36.925 | EK24: 09-27-2025-Sat 13-29-06-PM | EL24: -0.3 | EM24: 5.96 | EN24: -65.8726 | EO24: -24.8333 | EP24: 09-27-2025-Sat 13-29-06-PM | EQ24: 0.1 | ER24: 5.972 | ES24: -64.043 | ET24: 74.65 | EU24: 09-27-2025-Sat 13-29-06-PM | EV24: 0 | EW24: 5.96 | EX24: -64.6896 | EY24: inf | EZ24: 09-27-2025-Sat 13-29-06-PM | FA24: 0.3 | FB24: 5.964 | FC24: -63.769 | FD24: 24.85 | FE24: 09-27-2025-Sat 13-29-06-PM | FF24: 0.3 | FG24: 5.96 | FH24: -67.9413 | FI24: 24.8333 | FJ24: 09-27-2025-Sat 13-29-06-PM | FK24: -0.1 | FL24: 5.968 | FM24: -65.17 | FN24: -74.6 | FO24: 09-27-2025-Sat 13-29-06-PM | FP24: 0.2 | FQ24: 5.968 | FR24: -66.3981 | FS24: 37.3 | FT24: 09-27-2025-Sat 13-29-06-PM | FU24: 0.1 | FV24: 5.964 | FW24: -64.349 | FX24: 74.55 | FY24: 09-27-2025-Sat 13-29-06-PM | FZ24: 0.5 | GA24: 5.976 | GB24: -62.738 | GC24: 14.94 | GD24: 09-27-2025-Sat 13-29-06-PM | GE24: 0.1 | GF24: 5.972 | GG24: -61.5656 | GH24: 74.65 | GI24: 09-27-2025-Sat 13-29-06-PM | GJ24: 0.2 | GK24: 5.972 | GL24: -63.035 | GM24: 37.325 | GN24: 09-27-2025-Sat 13-29-06-PM | GO24: 0.2 | GP24: 5.972 | GQ24: -62.8485 | GR24: 37.325 | GS24: 09-27-2025-Sat 13-29-06-PM | GT24: 0.1 | GU24: 5.964 | GV24: -64.556 | GW24: 74.55 | HM24: 08-29-2025-Fri 15-41-08-PM | HN24: 0.2 | HO24: 5.888 | HP24: -76.265 | HQ24: 36.8 | HR24: 08-29-2025-Fri 15-41-08-PM | HS24: 0.3 | HT24: 5.9 | HU24: -75.97 | HV24: 24.5833 | HW24: 08-29-2025-Fri 15-41-08-PM | HX24: -0.3 | HY24: 5.896 | HZ24: -75.6761 | IA24: -24.5667 | IB24: 08-29-2025-Fri 15-41-08-PM | IC24: 0.2 | ID24: 5.896 | IE24: -75.251 | IF24: 36.85 | IG24: 08-29-2025-Fri 15-41-08-PM | IH24: -0.1 | II24: 5.888 | IJ24: -75.0541 | IK24: -73.6 | IL24: 08-29-2025-Fri 15-41-08-PM | IM24: 0.3 | IN24: 5.9 | IO24: -75.196 | IP24: 24.5833 | IQ24: 08-29-2025-Fri 15-41-08-PM | IR24: 0.4 | IS24: 5.888 | IT24: -76.4612 | IU24: 18.4 | IV24: 08-29-2025-Fri 15-41-08-PM | IW24: 0.2 | IX24: 5.896 | IY24: -75.954 | IZ24: 36.85
A25: 10-24-2025-Fri 18-50-33-PM | B25: 0.1 | C25: 5.848 | D25: -56.8232 | E25: 73.1 | F25: 10-24-2025-Fri 18-50-33-PM | G25: 0.2 | H25: 5.86 | I25: -54.799 | J25: 36.625 | K25: 10-24-2025-Fri 18-50-33-PM | L25: -0.1 | M25: 5.848 | N25: -56.7902 | O25: -73.1 | P25: 10-24-2025-Fri 18-50-33-PM | Q25: 0.1 | R25: 5.856 | S25: -56.065 | T25: 73.2 | U25: 10-24-2025-Fri 18-50-33-PM | V25: 0.1 | W25: 5.856 | X25: -57.8448 | Y25: 73.2 | Z25: 10-24-2025-Fri 18-50-33-PM | AA25: 0.2 | AB25: 5.856 | AC25: -55.239 | AD25: 36.6 | AE25: 09-12-2025-Fri 12-30-11-PM | AF25: -0.1 | AG25: 5.948 | AH25: -52.2706 | AI25: -74.35 | AJ25: 09-12-2025-Fri 12-30-11-PM | AK25: 0.1 | AL25: 5.964 | AM25: -51.764 | AN25: 74.55 | AO25: 09-12-2025-Fri 12-30-11-PM | AP25: 0.1 | AQ25: 5.948 | AR25: -52.2706 | AS25: 74.35 | AT25: 09-12-2025-Fri 12-30-11-PM | AU25: 0.3 | AV25: 5.956 | AW25: -52.073 | AX25: 24.8167 | AY25: 09-12-2025-Fri 12-30-11-PM | AZ25: 0.4 | BA25: 5.952 | BB25: -55.2076 | BC25: 18.6 | BD25: 09-12-2025-Fri 12-30-11-PM | BE25: 0.3 | BF25: 5.956 | BG25: -53.249 | BH25: 24.8167 | BI25: 09-12-2025-Fri 12-30-11-PM | BJ25: 0.4 | BK25: 5.96 | BL25: -52.9968 | BM25: 18.625 | BN25: 09-12-2025-Fri 12-30-11-PM | BO25: 0.5 | BP25: 5.956 | BQ25: -51.896 | BR25: 14.89 | BS25: 10-24-2025-Fri 18-50-33-PM | BT25: 0.3 | BU25: 5.852 | BV25: -59.2283 | BW25: 24.3833 | BX25: 10-24-2025-Fri 18-50-33-PM | BY25: 0 | BZ25: 5.86 | CA25: -56.888 | CB25: inf | CM25: 10-24-2025-Fri 18-50-33-PM | CN25: 0.2 | CO25: 5.856 | CP25: -54.305 | CQ25: 36.6 | CR25: 10-24-2025-Fri 18-50-33-PM | CS25: 0.5 | CT25: 5.856 | CU25: -55.3394 | CV25: 14.64 | CW25: 10-24-2025-Fri 18-50-33-PM | CX25: 0.1 | CY25: 5.848 | CZ25: -56.41 | DA25: 73.1 | DB25: 10-24-2025-Fri 18-50-33-PM | DC25: 0.4 | DD25: 5.856 | DE25: -53.5909 | DF25: 18.3 | DL25: 10-24-2025-Fri 18-50-33-PM | DM25: 0 | DN25: 5.86 | DO25: -51.0487 | DP25: inf | DQ25: 09-05-2025-Fri 20-19-41-PM | DR25: 0.4 | DS25: 5.9 | DT25: -67.9085 | DU25: 18.4375 | DV25: 09-05-2025-Fri 20-19-41-PM | DW25: 0.1 | DX25: 5.908 | DY25: -66.42 | DZ25: 73.85 | EA25: 09-05-2025-Fri 20-19-41-PM | EB25: 0.1 | EC25: 5.908 | ED25: -66.4309 | EE25: 73.85 | EF25: 09-05-2025-Fri 20-19-41-PM | EG25: 0.1 | EH25: 5.912 | EI25: -64.755 | EJ25: 73.9 | EK25: 09-27-2025-Sat 13-29-08-PM | EL25: -0.1 | EM25: 5.956 | EN25: -65.9054 | EO25: -74.45 | EP25: 09-27-2025-Sat 13-29-08-PM | EQ25: 0.3 | ER25: 5.972 | ES25: -64.075 | ET25: 24.8833 | EU25: 09-27-2025-Sat 13-29-08-PM | EV25: 0.2 | EW25: 5.96 | EX25: -64.7225 | EY25: 37.25 | EZ25: 09-27-2025-Sat 13-29-08-PM | FA25: 0.1 | FB25: 5.964 | FC25: -63.802 | FD25: 74.55 | FE25: 09-27-2025-Sat 13-29-08-PM | FF25: 0.2 | FG25: 5.964 | FH25: -67.9742 | FI25: 37.275 | FJ25: 09-27-2025-Sat 13-29-08-PM | FK25: 0.1 | FL25: 5.968 | FM25: -65.214 | FN25: 74.6 | FO25: 09-27-2025-Sat 13-29-08-PM | FP25: 0 | FQ25: 5.972 | FR25: -66.4637 | FS25: inf | FT25: 09-27-2025-Sat 13-29-08-PM | FU25: 0.2 | FV25: 5.968 | FW25: -64.382 | FX25: 37.3 | FY25: 09-27-2025-Sat 13-29-08-PM | FZ25: 0.4 | GA25: 5.972 | GB25: -62.76 | GC25: 18.6625 | GD25: 09-27-2025-Sat 13-29-08-PM | GE25: 0.3 | GF25: 5.972 | GG25: -61.5985 | GH25: 24.8833 | GI25: 09-27-2025-Sat 13-29-08-PM | GJ25: 0.1 | GK25: 5.968 | GL25: -63.067 | GM25: 74.6 | GN25: 09-27-2025-Sat 13-29-08-PM | GO25: 0.3 | GP25: 5.972 | GQ25: -62.8815 | GR25: 24.8833 | GS25: 09-27-2025-Sat 13-29-08-PM | GT25: 0.5 | GU25: 5.964 | GV25: -64.589 | GW25: 14.91 | HM25: 08-29-2025-Fri 15-41-11-PM | HN25: 0.1 | HO25: 5.892 | HP25: -76.2976 | HQ25: 73.65 | HR25: 08-29-2025-Fri 15-41-11-PM | HS25: 0.1 | HT25: 5.892 | HU25: -76.014 | HV25: 73.65 | HW25: 08-29-2025-Fri 15-41-11-PM | HX25: -0.1 | HY25: 5.9 | HZ25: -75.7087 | IA25: -73.75 | IB25: 08-29-2025-Fri 15-41-11-PM | IC25: 0.2 | ID25: 5.888 | IE25: -75.272 | IF25: 36.8 | IG25: 08-29-2025-Fri 15-41-11-PM | IH25: -0.1 | II25: 5.884 | IJ25: -75.0869 | IK25: -73.55 | IL25: 08-29-2025-Fri 15-41-11-PM | IM25: 0.1 | IN25: 5.9 | IO25: -75.239 | IP25: 73.75 | IQ25: 08-29-2025-Fri 15-41-11-PM | IR25: 0.2 | IS25: 5.892 | IT25: -76.5266 | IU25: 36.825 | IV25: 08-29-2025-Fri 15-41-11-PM | IW25: 0.3 | IX25: 5.892 | IY25: -75.987 | IZ25: 24.55
A26: 10-24-2025-Fri 18-50-35-PM | B26: 0 | C26: 5.848 | D26: -56.8232 | E26: inf | F26: 10-24-2025-Fri 18-50-35-PM | G26: -0.1 | H26: 5.864 | I26: -54.821 | J26: -73.3 | K26: 10-24-2025-Fri 18-50-35-PM | L26: 0 | M26: 5.848 | N26: -56.7902 | O26: inf | P26: 10-24-2025-Fri 18-50-35-PM | Q26: 0 | R26: 5.856 | S26: -56.081 | T26: inf | U26: 10-24-2025-Fri 18-50-35-PM | V26: 0.1 | W26: 5.86 | X26: -57.8448 | Y26: 73.25 | Z26: 10-24-2025-Fri 18-50-35-PM | AA26: 0.1 | AB26: 5.852 | AC26: -55.239 | AD26: 73.15 | AE26: 09-12-2025-Fri 12-30-13-PM | AF26: -0.2 | AG26: 5.952 | AH26: -52.3366 | AI26: -37.2 | AJ26: 09-12-2025-Fri 12-30-13-PM | AK26: 0.1 | AL26: 5.968 | AM26: -51.808 | AN26: 74.6 | AO26: 09-12-2025-Fri 12-30-13-PM | AP26: 0.1 | AQ26: 5.952 | AR26: -52.3366 | AS26: 74.4 | AT26: 09-12-2025-Fri 12-30-13-PM | AU26: 0.2 | AV26: 5.96 | AW26: -52.138 | AX26: 37.25 | AY26: 09-12-2025-Fri 12-30-13-PM | AZ26: 0.3 | BA26: 5.952 | BB26: -55.3724 | BC26: 24.8 | BD26: 09-12-2025-Fri 12-30-13-PM | BE26: 0.2 | BF26: 5.96 | BG26: -53.337 | BH26: 37.25 | BI26: 09-12-2025-Fri 12-30-13-PM | BJ26: 0.1 | BK26: 5.96 | BL26: -53.0629 | BM26: 74.5 | BN26: 09-12-2025-Fri 12-30-13-PM | BO26: 0 | BP26: 5.96 | BQ26: -51.962 | BR26: inf | BS26: 10-24-2025-Fri 18-50-35-PM | BT26: 0.7 | BU26: 5.852 | BV26: -59.2283 | BW26: 10.45 | BX26: 10-24-2025-Fri 18-50-35-PM | BY26: 0.2 | BZ26: 5.856 | CA26: -56.877 | CB26: 36.6 | CM26: 10-24-2025-Fri 18-50-35-PM | CN26: 0.2 | CO26: 5.86 | CP26: -54.338 | CQ26: 36.625 | CR26: 10-24-2025-Fri 18-50-35-PM | CS26: 0.4 | CT26: 5.856 | CU26: -55.3724 | CV26: 18.3 | CW26: 10-24-2025-Fri 18-50-35-PM | CX26: 0.4 | CY26: 5.848 | CZ26: -56.393 | DA26: 18.275 | DB26: 10-24-2025-Fri 18-50-35-PM | DC26: 0.5 | DD26: 5.86 | DE26: -53.558 | DF26: 14.65 | DL26: 10-24-2025-Fri 18-50-35-PM | DM26: 0.5 | DN26: 5.86 | DO26: -51.0487 | DP26: 14.65 | DQ26: 09-05-2025-Fri 20-19-43-PM | DR26: 0.3 | DS26: 5.9 | DT26: -67.9085 | DU26: 24.5833 | DV26: 09-05-2025-Fri 20-19-43-PM | DW26: 0.1 | DX26: 5.912 | DY26: -66.474 | DZ26: 73.9 | EA26: 09-05-2025-Fri 20-19-43-PM | EB26: 0.4 | EC26: 5.912 | ED26: -66.4637 | EE26: 18.475 | EF26: 09-05-2025-Fri 20-19-43-PM | EG26: 0.3 | EH26: 5.904 | EI26: -64.766 | EJ26: 24.6 | EK26: 09-27-2025-Sat 13-29-10-PM | EL26: 0 | EM26: 5.96 | EN26: -65.971 | EO26: inf | EP26: 09-27-2025-Sat 13-29-10-PM | EQ26: 0.2 | ER26: 5.972 | ES26: -64.13 | ET26: 37.325 | EU26: 09-27-2025-Sat 13-29-10-PM | EV26: 0.3 | EW26: 5.96 | EX26: -64.7882 | EY26: 24.8333 | EZ26: 09-27-2025-Sat 13-29-10-PM | FA26: 0.1 | FB26: 5.964 | FC26: -63.851 | FD26: 74.55 | FE26: 09-27-2025-Sat 13-29-10-PM | FF26: 0.4 | FG26: 5.96 | FH26: -68.0726 | FI26: 18.625 | FJ26: 09-27-2025-Sat 13-29-10-PM | FK26: 0 | FL26: 5.972 | FM26: -65.29 | FN26: inf | FO26: 09-27-2025-Sat 13-29-10-PM | FP26: 0.5 | FQ26: 5.972 | FR26: -66.5623 | FS26: 14.93 | FT26: 09-27-2025-Sat 13-29-10-PM | FU26: 0 | FV26: 5.968 | FW26: -64.469 | FX26: inf | FY26: 09-27-2025-Sat 13-29-10-PM | FZ26: 0.3 | GA26: 5.972 | GB26: -62.826 | GC26: 24.8833 | GD26: 09-27-2025-Sat 13-29-10-PM | GE26: 0.3 | GF26: 5.972 | GG26: -61.6314 | GH26: 24.8833 | GI26: 09-27-2025-Sat 13-29-10-PM | GJ26: 0.2 | GK26: 5.972 | GL26: -63.111 | GM26: 37.325 | GN26: 09-27-2025-Sat 13-29-10-PM | GO26: 0.1 | GP26: 5.972 | GQ26: -62.9144 | GR26: 74.65 | GS26: 09-27-2025-Sat 13-29-10-PM | GT26: 0.4 | GU26: 5.964 | GV26: -64.655 | GW26: 18.6375 | HM26: 08-29-2025-Fri 15-41-13-PM | HN26: 0.2 | HO26: 5.892 | HP26: -76.2976 | HQ26: 36.825 | HR26: 08-29-2025-Fri 15-41-13-PM | HS26: 0.2 | HT26: 5.896 | HU26: -76.014 | HV26: 36.85 | HW26: 08-29-2025-Fri 15-41-13-PM | HX26: 0 | HY26: 5.892 | HZ26: -75.7087 | IA26: inf | IB26: 08-29-2025-Fri 15-41-13-PM | IC26: -0.2 | ID26: 5.896 | IE26: -75.294 | IF26: -36.85 | IG26: 08-29-2025-Fri 15-41-13-PM | IH26: -0.1 | II26: 5.888 | IJ26: -75.1196 | IK26: -73.6 | IL26: 08-29-2025-Fri 15-41-13-PM | IM26: 0.3 | IN26: 5.9 | IO26: -75.196 | IP26: 24.5833 | IQ26: 08-29-2025-Fri 15-41-13-PM | IR26: -0.1 | IS26: 5.888 | IT26: -76.3958 | IU26: -73.6 | IV26: 08-29-2025-Fri 15-41-13-PM | IW26: 0 | IX26: 5.892 | IY26: -75.921 | IZ26: inf
A27: 10-24-2025-Fri 18-50-38-PM | B27: 0 | C27: 5.848 | D27: -56.8232 | E27: inf | F27: 10-24-2025-Fri 18-50-38-PM | G27: 0.2 | H27: 5.864 | I27: -54.821 | J27: 36.65 | K27: 10-24-2025-Fri 18-50-38-PM | L27: -0.1 | M27: 5.848 | N27: -56.7902 | O27: -73.1 | P27: 10-24-2025-Fri 18-50-38-PM | Q27: -0.1 | R27: 5.852 | S27: -56.081 | T27: -73.15 | U27: 10-24-2025-Fri 18-50-38-PM | V27: 0.1 | W27: 5.86 | X27: -57.8448 | Y27: 73.25 | Z27: 10-24-2025-Fri 18-50-38-PM | AA27: 0 | AB27: 5.856 | AC27: -55.272 | AD27: inf | AE27: 09-12-2025-Fri 12-30-39-PM | AF27: 0 | AG27: 5.952 | AH27: -52.8979 | AI27: inf | AJ27: 09-12-2025-Fri 12-30-39-PM | AK27: 0.4 | AL27: 5.968 | AM27: -52.336 | AN27: 18.65 | AO27: 09-12-2025-Fri 12-30-39-PM | AP27: 0 | AQ27: 5.952 | AR27: -52.9308 | AS27: inf | AT27: 09-12-2025-Fri 12-30-39-PM | AU27: 0.1 | AV27: 5.956 | AW27: -52.667 | AX27: 74.45 | AY27: 09-12-2025-Fri 12-30-39-PM | AZ27: 0.3 | BA27: 5.956 | BB27: -56.8891 | BC27: 24.8167 | BD27: 09-12-2025-Fri 12-30-39-PM | BE27: 0.3 | BF27: 5.964 | BG27: -54.25 | BH27: 24.85 | BI27: 09-12-2025-Fri 12-30-39-PM | BJ27: 0.2 | BK27: 5.964 | BL27: -53.6899 | BM27: 37.275 | BN27: 09-12-2025-Fri 12-30-39-PM | BO27: 0.3 | BP27: 5.96 | BQ27: -52.568 | BR27: 24.8333 | BS27: 10-24-2025-Fri 18-50-38-PM | BT27: 0.4 | BU27: 5.848 | BV27: -59.2283 | BW27: 18.275 | BX27: 10-24-2025-Fri 18-50-38-PM | BY27: 0.1 | BZ27: 5.856 | CA27: -56.888 | CB27: 73.2 | CM27: 10-24-2025-Fri 18-50-38-PM | CN27: 0 | CO27: 5.856 | CP27: -54.338 | CQ27: inf | CR27: 10-24-2025-Fri 18-50-38-PM | CS27: 0.5 | CT27: 5.856 | CU27: -55.3724 | CV27: 14.64 | CW27: 10-24-2025-Fri 18-50-38-PM | CX27: 0.1 | CY27: 5.852 | CZ27: -56.41 | DA27: 73.15 | DB27: 10-24-2025-Fri 18-50-38-PM | DC27: 0.3 | DD27: 5.856 | DE27: -53.5909 | DF27: 24.4 | DL27: 10-24-2025-Fri 18-50-38-PM | DM27: 0.4 | DN27: 5.86 | DO27: -51.1478 | DP27: 18.3125 | DQ27: 09-05-2025-Fri 20-19-46-PM | DR27: 0.5 | DS27: 5.904 | DT27: -67.9413 | DU27: 14.76 | DV27: 09-05-2025-Fri 20-19-46-PM | DW27: 0.1 | DX27: 5.908 | DY27: -66.442 | DZ27: 73.85 | EA27: 09-05-2025-Fri 20-19-46-PM | EB27: 0.1 | EC27: 5.908 | ED27: -66.4637 | EE27: 73.85 | EF27: 09-05-2025-Fri 20-19-46-PM | EG27: 0.3 | EH27: 5.908 | EI27: -64.777 | EJ27: 24.6167 | EK27: 09-27-2025-Sat 13-29-13-PM | EL27: -0.1 | EM27: 5.96 | EN27: -66.0368 | EO27: -74.5 | EP27: 09-27-2025-Sat 13-29-13-PM | EQ27: 0.3 | ER27: 5.972 | ES27: -64.185 | ET27: 24.8833 | EU27: 09-27-2025-Sat 13-29-13-PM | EV27: 0 | EW27: 5.96 | EX27: -64.854 | EY27: inf | EZ27: 09-27-2025-Sat 13-29-13-PM | FA27: 0.2 | FB27: 5.964 | FC27: -63.917 | FD27: 37.275 | FE27: 09-27-2025-Sat 13-29-13-PM | FF27: 0.3 | FG27: 5.964 | FH27: -68.1382 | FI27: 24.85 | FJ27: 09-27-2025-Sat 13-29-13-PM | FK27: 0.1 | FL27: 5.968 | FM27: -65.378 | FN27: 74.6 | FO27: 09-27-2025-Sat 13-29-13-PM | FP27: -0.1 | FQ27: 5.968 | FR27: -66.6937 | FS27: -74.6 | FT27: 09-27-2025-Sat 13-29-13-PM | FU27: 0.1 | FV27: 5.964 | FW27: -64.546 | FX27: 74.55 | FY27: 09-27-2025-Sat 13-29-13-PM | FZ27: 0.2 | GA27: 5.972 | GB27: -62.87 | GC27: 37.325 | GD27: 09-27-2025-Sat 13-29-13-PM | GE27: 0.3 | GF27: 5.972 | GG27: -61.6643 | GH27: 24.8833 | GI27: 09-27-2025-Sat 13-29-13-PM | GJ27: -0.1 | GK27: 5.972 | GL27: -63.166 | GM27: -74.65 | GN27: 09-27-2025-Sat 13-29-13-PM | GO27: 0.3 | GP27: 5.972 | GQ27: -62.9801 | GR27: 24.8833 | GS27: 09-27-2025-Sat 13-29-13-PM | GT27: 0.2 | GU27: 5.964 | GV27: -64.72 | GW27: 37.275 | HH27: 09-27-2025-Sat 13-29-13-PM | HI27: 0 | HJ27: 5.976 | HK27: -60.9075 | HL27: inf | HM27: 08-29-2025-Fri 15-41-15-PM | HN27: 0.3 | HO27: 5.888 | HP27: -76.3304 | HQ27: 24.5333 | HR27: 08-29-2025-Fri 15-41-15-PM | HS27: 0.2 | HT27: 5.9 | HU27: -76.058 | HV27: 36.875 | HW27: 08-29-2025-Fri 15-41-15-PM | HX27: 0 | HY27: 5.9 | HZ27: -75.7414 | IA27: inf | IB27: 08-29-2025-Fri 15-41-15-PM | IC27: 0 | ID27: 5.896 | IE27: -75.305 | IF27: inf | IG27: 08-29-2025-Fri 15-41-15-PM | IH27: 0 | II27: 5.888 | IJ27: -75.1196 | IK27: inf | IL27: 08-29-2025-Fri 15-41-15-PM | IM27: 0.2 | IN27: 5.904 | IO27: -75.239 | IP27: 36.9 | IQ27: 08-29-2025-Fri 15-41-15-PM | IR27: -0.1 | IS27: 5.892 | IT27: -76.494 | IU27: -73.65 | IV27: 08-29-2025-Fri 15-41-15-PM | IW27: 0.3 | IX27: 5.896 | IY27: -75.987 | IZ27: 24.5667
A28: 10-24-2025-Fri 18-50-40-PM | B28: -0.1 | C28: 5.848 | D28: -56.8562 | E28: -73.1 | F28: 10-24-2025-Fri 18-50-40-PM | G28: 0.2 | H28: 5.864 | I28: -54.865 | J28: 36.65 | K28: 10-24-2025-Fri 18-50-40-PM | L28: 0.4 | M28: 5.848 | N28: -56.8232 | O28: 18.275 | P28: 10-24-2025-Fri 18-50-40-PM | Q28: 0 | R28: 5.852 | S28: -56.114 | T28: inf | U28: 10-24-2025-Fri 18-50-40-PM | V28: -0.1 | W28: 5.856 | X28: -57.8448 | Y28: -73.2 | Z28: 10-24-2025-Fri 18-50-40-PM | AA28: 0.3 | AB28: 5.856 | AC28: -55.272 | AD28: 24.4 | AE28: 09-12-2025-Fri 12-30-42-PM | AF28: 0.1 | AG28: 5.948 | AH28: -52.9638 | AI28: 74.35 | AJ28: 09-12-2025-Fri 12-30-42-PM | AK28: 0.2 | AL28: 5.964 | AM28: -52.392 | AN28: 37.275 | AO28: 09-12-2025-Fri 12-30-42-PM | AP28: 0.1 | AQ28: 5.952 | AR28: -52.9638 | AS28: 74.4 | AT28: 09-12-2025-Fri 12-30-42-PM | AU28: 0.1 | AV28: 5.96 | AW28: -52.716 | AX28: 74.5 | AY28: 09-12-2025-Fri 12-30-42-PM | AZ28: 0.3 | BA28: 5.952 | BB28: -56.9879 | BC28: 24.8 | BD28: 09-12-2025-Fri 12-30-42-PM | BE28: 0.2 | BF28: 5.96 | BG28: -54.305 | BH28: 37.25 | BI28: 09-12-2025-Fri 12-30-42-PM | BJ28: 0 | BK28: 5.96 | BL28: -53.756 | BM28: inf | BN28: 09-12-2025-Fri 12-30-42-PM | BO28: 0.2 | BP28: 5.956 | BQ28: -52.623 | BR28: 37.225 | BS28: 10-24-2025-Fri 18-50-40-PM | BT28: 0.4 | BU28: 5.852 | BV28: -59.2613 | BW28: 18.2875 | BX28: 10-24-2025-Fri 18-50-40-PM | BY28: 0.5 | BZ28: 5.856 | CA28: -56.932 | CB28: 14.64 | CM28: 10-24-2025-Fri 18-50-40-PM | CN28: 0.2 | CO28: 5.856 | CP28: -54.382 | CQ28: 36.6 | CR28: 10-24-2025-Fri 18-50-40-PM | CS28: 0.5 | CT28: 5.86 | CU28: -55.4054 | CV28: 14.65 | CW28: 10-24-2025-Fri 18-50-40-PM | CX28: 0.7 | CY28: 5.852 | CZ28: -56.476 | DA28: 10.45 | DB28: 10-24-2025-Fri 18-50-40-PM | DC28: 0.5 | DD28: 5.86 | DE28: -53.6899 | DF28: 14.65 | DG28: 10-24-2025-Fri 18-50-40-PM | DH28: 0.1 | DI28: 5.856 | DJ28: -54.216 | DK28: 73.2 | DL28: 10-24-2025-Fri 18-50-40-PM | DM28: 0.3 | DN28: 5.864 | DO28: -51.1148 | DP28: 24.4333 | DQ28: 09-05-2025-Fri 20-20-19-PM | DR28: 0.2 | DS28: 5.9 | DT28: -68.0726 | DU28: 36.875 | DV28: 09-05-2025-Fri 20-20-19-PM | DW28: 0.3 | DX28: 5.908 | DY28: -66.617 | DZ28: 24.6167 | EA28: 09-05-2025-Fri 20-20-19-PM | EB28: -0.2 | EC28: 5.908 | ED28: -66.6279 | EE28: -36.925 | EF28: 09-05-2025-Fri 20-20-19-PM | EG28: 0.1 | EH28: 5.908 | EI28: -64.974 | EJ28: 73.85 | EK28: 09-27-2025-Sat 13-29-24-PM | EL28: -0.1 | EM28: 5.96 | EN28: -66.4309 | EO28: -74.5 | EP28: 09-27-2025-Sat 13-29-24-PM | EQ28: 0.2 | ER28: 5.972 | ES28: -64.514 | ET28: 37.325 | EU28: 09-27-2025-Sat 13-29-24-PM | EV28: 0.1 | EW28: 5.96 | EX28: -65.1826 | EY28: 74.5 | EZ28: 09-27-2025-Sat 13-29-24-PM | FA28: -0.1 | FB28: 5.96 | FC28: -64.213 | FD28: -74.5 | FE28: 09-27-2025-Sat 13-29-24-PM | FF28: 0.2 | FG28: 5.96 | FH28: -68.6961 | FI28: 37.25 | FJ28: 09-27-2025-Sat 13-29-24-PM | FK28: 0.5 | FL28: 5.968 | FM28: -65.783 | FN28: 14.92 | FO28: 09-27-2025-Sat 13-29-24-PM | FP28: -0.1 | FQ28: 5.968 | FR28: -67.1863 | FS28: -74.6 | FT28: 09-27-2025-Sat 13-29-24-PM | FU28: 0.2 | FV28: 5.968 | FW28: -64.918 | FX28: 37.3 | FY28: 09-27-2025-Sat 13-29-24-PM | FZ28: 0.1 | GA28: 5.972 | GB28: -63.165 | GC28: 74.65 | GD28: 09-27-2025-Sat 13-29-24-PM | GE28: 0.2 | GF28: 5.972 | GG28: -61.9276 | GH28: 37.325 | GI28: 09-27-2025-Sat 13-29-24-PM | GJ28: 0.2 | GK28: 5.968 | GL28: -63.451 | GM28: 37.3 | GN28: 09-27-2025-Sat 13-29-24-PM | GO28: 0.4 | GP28: 5.968 | GQ28: -63.2432 | GR28: 18.65 | GS28: 09-27-2025-Sat 13-29-24-PM | GT28: 0.1 | GU28: 5.964 | GV28: -65.082 | GW28: 74.55 | GX28: 09-27-2025-Sat 13-29-24-PM | GY28: 0.1 | GZ28: 5.968 | HA28: -61.4669 | HB28: 74.6 | HH28: 09-27-2025-Sat 13-29-24-PM | HI28: 0.2 | HJ28: 5.976 | HK28: -61.1378 | HL28: 37.35 | HM28: 08-29-2025-Fri 15-42-17-PM | HN28: 0.5 | HO28: 5.888 | HP28: -77.05 | HQ28: 14.72 | HR28: 08-29-2025-Fri 15-42-17-PM | HS28: 0.1 | HT28: 5.896 | HU28: -76.766 | HV28: 73.7 | HW28: 08-29-2025-Fri 15-42-17-PM | HX28: 0.1 | HY28: 5.896 | HZ28: -76.5266 | IA28: 73.7 | IB28: 08-29-2025-Fri 15-42-17-PM | IC28: 0.1 | ID28: 5.896 | IE28: -76.09 | IF28: 73.7 | IG28: 08-29-2025-Fri 15-42-17-PM | IH28: 0.1 | II28: 5.888 | IJ28: -75.8068 | IK28: 73.6 | IL28: 08-29-2025-Fri 15-42-17-PM | IM28: 0.1 | IN28: 5.9 | IO28: -76.068 | IP28: 73.75 | IQ28: 08-29-2025-Fri 15-42-17-PM | IR28: 0.1 | IS28: 5.888 | IT28: -77.377 | IU28: 73.6 | IV28: 08-29-2025-Fri 15-42-17-PM | IW28: 0.2 | IX28: 5.892 | IY28: -76.87 | IZ28: 36.825
A29: 10-24-2025-Fri 18-50-42-PM | B29: -0.1 | C29: 5.848 | D29: -56.8891 | E29: -73.1 | F29: 10-24-2025-Fri 18-50-42-PM | G29: -0.1 | H29: 5.86 | I29: -54.887 | J29: -73.25 | K29: 10-24-2025-Fri 18-50-42-PM | L29: 0.3 | M29: 5.848 | N29: -56.8232 | O29: 24.3667 | P29: 10-24-2025-Fri 18-50-42-PM | Q29: 0.1 | R29: 5.856 | S29: -56.131 | T29: 73.2 | U29: 10-24-2025-Fri 18-50-42-PM | V29: 0.3 | W29: 5.86 | X29: -57.8448 | Y29: 24.4167 | Z29: 10-24-2025-Fri 18-50-42-PM | AA29: 0 | AB29: 5.86 | AC29: -55.316 | AD29: inf | AE29: 09-12-2025-Fri 12-30-44-PM | AF29: 0.2 | AG29: 5.952 | AH29: -52.9968 | AI29: 37.2 | AJ29: 09-12-2025-Fri 12-30-44-PM | AK29: 0.2 | AL29: 5.964 | AM29: -52.436 | AN29: 37.275 | AO29: 09-12-2025-Fri 12-30-44-PM | AP29: 0.1 | AQ29: 5.952 | AR29: -53.0629 | AS29: 74.4 | AT29: 09-12-2025-Fri 12-30-44-PM | AU29: 0 | AV29: 5.956 | AW29: -52.782 | AX29: inf | AY29: 09-12-2025-Fri 12-30-44-PM | AZ29: 0.3 | BA29: 5.952 | BB29: -57.0539 | BC29: 24.8 | BD29: 09-12-2025-Fri 12-30-44-PM | BE29: 0.2 | BF29: 5.96 | BG29: -54.371 | BH29: 37.25 | BI29: 09-12-2025-Fri 12-30-44-PM | BJ29: 0.3 | BK29: 5.964 | BL29: -53.7889 | BM29: 24.85 | BN29: 09-12-2025-Fri 12-30-44-PM | BO29: 0.1 | BP29: 5.956 | BQ29: -52.667 | BR29: 74.45 | BS29: 10-24-2025-Fri 18-50-42-PM | BT29: 0.4 | BU29: 5.848 | BV29: -59.2613 | BW29: 18.275 | BX29: 10-24-2025-Fri 18-50-42-PM | BY29: 0.3 | BZ29: 5.856 | CA29: -56.932 | CB29: 24.4 | CM29: 10-24-2025-Fri 18-50-42-PM | CN29: 0.2 | CO29: 5.86 | CP29: -54.404 | CQ29: 36.625 | CR29: 10-24-2025-Fri 18-50-42-PM | CS29: 0.2 | CT29: 5.86 | CU29: -55.4383 | CV29: 36.625 | CW29: 10-24-2025-Fri 18-50-42-PM | CX29: 0.2 | CY29: 5.852 | CZ29: -56.476 | DA29: 36.575 | DB29: 10-24-2025-Fri 18-50-42-PM | DC29: 0.5 | DD29: 5.856 | DE29: -53.6899 | DF29: 14.64 | DG29: 10-24-2025-Fri 18-50-42-PM | DH29: 0.3 | DI29: 5.856 | DJ29: -54.25 | DK29: 24.4 | DL29: 10-24-2025-Fri 18-50-42-PM | DM29: 0.3 | DN29: 5.86 | DO29: -51.2139 | DP29: 24.4167 | DQ29: 09-05-2025-Fri 20-20-22-PM | DR29: 0.2 | DS29: 5.904 | DT29: -68.1053 | DU29: 36.9 | DV29: 09-05-2025-Fri 20-20-22-PM | DW29: 0.3 | DX29: 5.908 | DY29: -66.65 | DZ29: 24.6167 | EA29: 09-05-2025-Fri 20-20-22-PM | EB29: 0.4 | EC29: 5.912 | ED29: -66.6279 | EE29: 18.475 | EF29: 09-05-2025-Fri 20-20-22-PM | EG29: 0.2 | EH29: 5.908 | EI29: -64.974 | EJ29: 36.925 | EK29: 09-27-2025-Sat 13-29-27-PM | EL29: 0.1 | EM29: 5.96 | EN29: -66.5295 | EO29: 74.5 | EP29: 09-27-2025-Sat 13-29-27-PM | EQ29: 0.3 | ER29: 5.972 | ES29: -64.59 | ET29: 24.8833 | EU29: 09-27-2025-Sat 13-29-27-PM | EV29: -0.1 | EW29: 5.96 | EX29: -65.2484 | EY29: -74.5 | EZ29: 09-27-2025-Sat 13-29-27-PM | FA29: 0.1 | FB29: 5.964 | FC29: -64.262 | FD29: 74.55 | FE29: 09-27-2025-Sat 13-29-27-PM | FF29: 0.1 | FG29: 5.964 | FH29: -68.7617 | FI29: 74.55 | FJ29: 09-27-2025-Sat 13-29-27-PM | FK29: 0.1 | FL29: 5.968 | FM29: -65.86 | FN29: 74.6 | FO29: 09-27-2025-Sat 13-29-27-PM | FP29: 0.4 | FQ29: 5.968 | FR29: -67.2519 | FS29: 18.65 | FT29: 09-27-2025-Sat 13-29-27-PM | FU29: 0.2 | FV29: 5.968 | FW29: -65.006 | FX29: 37.3 | FY29: 09-27-2025-Sat 13-29-27-PM | FZ29: 0.1 | GA29: 5.972 | GB29: -63.253 | GC29: 74.65 | GD29: 09-27-2025-Sat 13-29-27-PM | GE29: 0.2 | GF29: 5.968 | GG29: -61.9933 | GH29: 37.3 | GI29: 09-27-2025-Sat 13-29-27-PM | GJ29: 0 | GK29: 5.972 | GL29: -63.506 | GM29: inf | GN29: 09-27-2025-Sat 13-29-27-PM | GO29: 0.4 | GP29: 5.972 | GQ29: -63.2761 | GR29: 18.6625 | GS29: 09-27-2025-Sat 13-29-27-PM | GT29: 0.2 | GU29: 5.964 | GV29: -65.164 | GW29: 37.275 | GX29: 09-27-2025-Sat 13-29-27-PM | GY29: 0.5 | GZ29: 5.968 | HA29: -61.5656 | HB29: 14.92 | HH29: 09-27-2025-Sat 13-29-27-PM | HI29: 0.1 | HJ29: 5.976 | HK29: -61.2365 | HL29: 74.7 | HM29: 08-29-2025-Fri 15-42-19-PM | HN29: 0.2 | HO29: 5.888 | HP29: -77.0827 | HQ29: 36.8 | HR29: 08-29-2025-Fri 15-42-19-PM | HS29: 0.1 | HT29: 5.896 | HU29: -76.799 | HV29: 73.7 | HW29: 08-29-2025-Fri 15-42-19-PM | HX29: 0 | HY29: 5.9 | HZ29: -76.5594 | IA29: inf | IB29: 08-29-2025-Fri 15-42-19-PM | IC29: 0.1 | ID29: 5.896 | IE29: -76.112 | IF29: 73.7 | IG29: 08-29-2025-Fri 15-42-19-PM | IH29: 0 | II29: 5.888 | IJ29: -75.8068 | IK29: inf | IL29: 08-29-2025-Fri 15-42-19-PM | IM29: 0.1 | IN29: 5.904 | IO29: -76.101 | IP29: 73.8 | IQ29: 08-29-2025-Fri 15-42-19-PM | IR29: 0.2 | IS29: 5.892 | IT29: -77.4097 | IU29: 36.825 | IV29: 08-29-2025-Fri 15-42-19-PM | IW29: 0.3 | IX29: 5.892 | IY29: -76.919 | IZ29: 24.55
A30: 10-24-2025-Fri 18-52-02-PM | B30: -0.2 | C30: 5.848 | D30: -58.8002 | E30: -36.55 | F30: 10-24-2025-Fri 18-52-02-PM | G30: 0 | H30: 5.86 | I30: -56.679 | J30: inf | K30: 10-24-2025-Fri 18-52-02-PM | L30: 0 | M30: 5.848 | N30: -58.5037 | O30: inf | P30: 10-24-2025-Fri 18-52-02-PM | Q30: 0.2 | R30: 5.852 | S30: -57.729 | T30: 36.575 | U30: 10-24-2025-Fri 18-52-02-PM | V30: -0.1 | W30: 5.856 | X30: -60.7428 | Y30: -73.2 | Z30: 10-24-2025-Fri 18-52-02-PM | AA30: -0.3 | AB30: 5.856 | AC30: -57.601 | AD30: -24.4 | AE30: 09-12-2025-Fri 12-30-46-PM | AF30: -0.1 | AG30: 5.944 | AH30: -53.0629 | AI30: -74.3 | AJ30: 09-12-2025-Fri 12-30-46-PM | AK30: 0.1 | AL30: 5.964 | AM30: -52.48 | AN30: 74.55 | AO30: 09-12-2025-Fri 12-30-46-PM | AP30: 0.2 | AQ30: 5.952 | AR30: -53.0629 | AS30: 37.2 | AT30: 09-12-2025-Fri 12-30-46-PM | AU30: 0 | AV30: 5.956 | AW30: -52.799 | AX30: inf | AY30: 09-12-2025-Fri 12-30-46-PM | AZ30: 0.3 | BA30: 5.952 | BB30: -57.1528 | BC30: 24.8 | BD30: 09-12-2025-Fri 12-30-46-PM | BE30: 0.1 | BF30: 5.956 | BG30: -54.47 | BH30: 74.45 | BI30: 09-12-2025-Fri 12-30-46-PM | BJ30: 0.1 | BK30: 5.96 | BL30: -53.888 | BM30: 74.5 | BN30: 09-12-2025-Fri 12-30-46-PM | BO30: 0.1 | BP30: 5.956 | BQ30: -52.7 | BR30: 74.45 | BS30: 10-24-2025-Fri 18-52-02-PM | BT30: 0.1 | BU30: 5.852 | BV30: -62.717 | BW30: 73.15 | BX30: 10-24-2025-Fri 18-52-02-PM | BY30: 0 | BZ30: 5.852 | CA30: -59.655 | CB30: inf | CH30: 10-24-2025-Fri 18-52-02-PM | CI30: 0 | CJ30: 5.86 | CK30: -52.7328 | CL30: inf | CM30: 10-24-2025-Fri 18-52-02-PM | CN30: 0.1 | CO30: 5.856 | CP30: -56.064 | CQ30: 73.2 | CR30: 10-24-2025-Fri 18-52-02-PM | CS30: 0.3 | CT30: 5.86 | CU30: -56.955 | CV30: 24.4167 | CW30: 10-24-2025-Fri 18-52-02-PM | CX30: 0.4 | CY30: 5.848 | CZ30: -59.111 | DA30: 18.275 | DB30: 10-24-2025-Fri 18-52-02-PM | DC30: 0.5 | DD30: 5.856 | DE30: -55.5044 | DF30: 14.64 | DG30: 10-24-2025-Fri 18-52-02-PM | DH30: 0.4 | DI30: 5.856 | DJ30: -56.503 | DK30: 18.3 | DL30: 10-24-2025-Fri 18-52-02-PM | DM30: 0.3 | DN30: 5.86 | DO30: -53.2609 | DP30: 24.4167 | DQ30: 09-05-2025-Fri 20-20-24-PM | DR30: 0.4 | DS30: 5.9 | DT30: -68.1053 | DU30: 18.4375 | DV30: 09-05-2025-Fri 20-20-24-PM | DW30: 0.3 | DX30: 5.908 | DY30: -66.661 | DZ30: 24.6167 | EA30: 09-05-2025-Fri 20-20-24-PM | EB30: 0.2 | EC30: 5.912 | ED30: -66.6609 | EE30: 36.95 | EF30: 09-05-2025-Fri 20-20-24-PM | EG30: 0.1 | EH30: 5.908 | EI30: -64.996 | EJ30: 73.85 | EK30: 09-27-2025-Sat 13-29-29-PM | EL30: 0.1 | EM30: 5.96 | EN30: -66.5623 | EO30: 74.5 | EP30: 09-27-2025-Sat 13-29-29-PM | EQ30: 0.1 | ER30: 5.972 | ES30: -64.634 | ET30: 74.65 | EU30: 09-27-2025-Sat 13-29-29-PM | EV30: 0.2 | EW30: 5.964 | EX30: -65.3139 | EY30: 37.275 | EZ30: 09-27-2025-Sat 13-29-29-PM | FA30: 0 | FB30: 5.968 | FC30: -64.328 | FD30: inf | FE30: 09-27-2025-Sat 13-29-29-PM | FF30: 0 | FG30: 5.964 | FH30: -68.8603 | FI30: inf | FJ30: 09-27-2025-Sat 13-29-29-PM | FK30: 0.1 | FL30: 5.968 | FM30: -65.947 | FN30: 74.6 | FO30: 09-27-2025-Sat 13-29-29-PM | FP30: 0.2 | FQ30: 5.972 | FR30: -67.2847 | FS30: 37.325 | FT30: 09-27-2025-Sat 13-29-29-PM | FU30: 0.3 | FV30: 5.968 | FW30: -65.072 | FX30: 24.8667 | FY30: 09-27-2025-Sat 13-29-29-PM | FZ30: 0.4 | GA30: 5.972 | GB30: -63.319 | GC30: 18.6625 | GD30: 09-27-2025-Sat 13-29-29-PM | GE30: 0.4 | GF30: 5.972 | GG30: -62.0261 | GH30: 18.6625 | GI30: 09-27-2025-Sat 13-29-29-PM | GJ30: 0 | GK30: 5.972 | GL30: -63.561 | GM30: inf | GN30: 09-27-2025-Sat 13-29-29-PM | GO30: 0.2 | GP30: 5.972 | GQ30: -63.3418 | GR30: 37.325 | GS30: 09-27-2025-Sat 13-29-29-PM | GT30: 0.2 | GU30: 5.964 | GV30: -65.279 | GW30: 37.275 | GX30: 09-27-2025-Sat 13-29-29-PM | GY30: 0.4 | GZ30: 5.972 | HA30: -61.6971 | HB30: 18.6625 | HH30: 09-27-2025-Sat 13-29-29-PM | HI30: 0.2 | HJ30: 5.976 | HK30: -61.3681 | HL30: 37.35 | HM30: 08-29-2025-Fri 15-42-22-PM | HN30: 0.2 | HO30: 5.892 | HP30: -77.0827 | HQ30: 36.825 | HR30: 08-29-2025-Fri 15-42-22-PM | HS30: 0 | HT30: 5.896 | HU30: -76.81 | HV30: inf | HW30: 08-29-2025-Fri 15-42-22-PM | HX30: 0.1 | HY30: 5.896 | HZ30: -76.5594 | IA30: 73.7 | IB30: 08-29-2025-Fri 15-42-22-PM | IC30: 0.1 | ID30: 5.896 | IE30: -76.134 | IF30: 73.7 | IG30: 08-29-2025-Fri 15-42-22-PM | IH30: -0.1 | II30: 5.888 | IJ30: -75.8396 | IK30: -73.6 | IL30: 08-29-2025-Fri 15-42-22-PM | IM30: 0.3 | IN30: 5.9 | IO30: -76.134 | IP30: 24.5833 | IQ30: 08-29-2025-Fri 15-42-22-PM | IR30: 0.5 | IS30: 5.888 | IT30: -77.4424 | IU30: 14.72 | IV30: 08-29-2025-Fri 15-42-22-PM | IW30: 0 | IX30: 5.9 | IY30: -76.952 | IZ30: inf
A31: 10-24-2025-Fri 18-52-04-PM | B31: -0.1 | C31: 5.848 | D31: -58.899 | E31: -73.1 | F31: 10-24-2025-Fri 18-52-04-PM | G31: 0.1 | H31: 5.864 | I31: -56.756 | J31: 73.3 | K31: 10-24-2025-Fri 18-52-04-PM | L31: 0.1 | M31: 5.848 | N31: -58.5696 | O31: 73.1 | P31: 10-24-2025-Fri 18-52-04-PM | Q31: 0.1 | R31: 5.852 | S31: -57.812 | T31: 73.15 | U31: 10-24-2025-Fri 18-52-04-PM | V31: 0 | W31: 5.856 | X31: -60.7758 | Y31: inf | Z31: 10-24-2025-Fri 18-52-04-PM | AA31: 0.1 | AB31: 5.856 | AC31: -57.634 | AD31: 73.2 | AE31: 09-12-2025-Fri 12-30-49-PM | AF31: -0.1 | AG31: 5.948 | AH31: -53.1288 | AI31: -74.35 | AJ31: 09-12-2025-Fri 12-30-49-PM | AK31: 0.3 | AL31: 5.964 | AM31: -52.535 | AN31: 24.85 | AO31: 09-12-2025-Fri 12-30-49-PM | AP31: 0.1 | AQ31: 5.952 | AR31: -53.1619 | AS31: 74.4 | AT31: 09-12-2025-Fri 12-30-49-PM | AU31: 0.1 | AV31: 5.952 | AW31: -52.881 | AX31: 74.4 | AY31: 09-12-2025-Fri 12-30-49-PM | AZ31: 0.5 | BA31: 5.948 | BB31: -57.2515 | BC31: 14.87 | BD31: 09-12-2025-Fri 12-30-49-PM | BE31: 0.2 | BF31: 5.956 | BG31: -54.514 | BH31: 37.225 | BI31: 09-12-2025-Fri 12-30-49-PM | BJ31: 0.2 | BK31: 5.96 | BL31: -53.9538 | BM31: 37.25 | BN31: 09-12-2025-Fri 12-30-49-PM | BO31: 0.2 | BP31: 5.956 | BQ31: -52.776 | BR31: 37.225 | BS31: 10-24-2025-Fri 18-52-04-PM | BT31: 0.1 | BU31: 5.848 | BV31: -62.8157 | BW31: 73.1 | BX31: 10-24-2025-Fri 18-52-04-PM | BY31: 0.4 | BZ31: 5.856 | CA31: -59.71 | CB31: 18.3 | CH31: 10-24-2025-Fri 18-52-04-PM | CI31: 0.3 | CJ31: 5.856 | CK31: -52.7987 | CL31: 24.4 | CM31: 10-24-2025-Fri 18-52-04-PM | CN31: 0 | CO31: 5.856 | CP31: -56.141 | CQ31: inf | CR31: 10-24-2025-Fri 18-52-04-PM | CS31: 0.3 | CT31: 5.856 | CU31: -57.0539 | CV31: 24.4 | CW31: 10-24-2025-Fri 18-52-04-PM | CX31: 0.4 | CY31: 5.848 | CZ31: -59.177 | DA31: 18.275 | DB31: 10-24-2025-Fri 18-52-04-PM | DC31: 0.5 | DD31: 5.852 | DE31: -55.5374 | DF31: 14.63 | DG31: 10-24-2025-Fri 18-52-04-PM | DH31: 0.2 | DI31: 5.856 | DJ31: -56.514 | DK31: 36.6 | DL31: 10-24-2025-Fri 18-52-04-PM | DM31: 0.3 | DN31: 5.86 | DO31: -53.2279 | DP31: 24.4167 | DQ31: 09-05-2025-Fri 20-20-26-PM | DR31: 0.4 | DS31: 5.904 | DT31: -68.1053 | DU31: 18.45 | DV31: 09-05-2025-Fri 20-20-26-PM | DW31: 0.2 | DX31: 5.912 | DY31: -66.682 | DZ31: 36.95 | EA31: 09-05-2025-Fri 20-20-26-PM | EB31: 0.6 | EC31: 5.908 | ED31: -66.6609 | EE31: 12.3083 | EF31: 09-05-2025-Fri 20-20-26-PM | EG31: 0.4 | EH31: 5.908 | EI31: -65.007 | EJ31: 18.4625 | EK31: 09-27-2025-Sat 13-29-53-PM | EL31: 0.1 | EM31: 5.96 | EN31: -67.3832 | EO31: 74.5 | EP31: 09-27-2025-Sat 13-29-53-PM | EQ31: 0.1 | ER31: 5.972 | ES31: -65.379 | ET31: 74.65 | EU31: 09-27-2025-Sat 13-29-53-PM | EV31: 0.2 | EW31: 5.964 | EX31: -66.0368 | EY31: 37.275 | EZ31: 09-27-2025-Sat 13-29-53-PM | FA31: 0 | FB31: 5.964 | FC31: -65.002 | FD31: inf | FE31: 09-27-2025-Sat 13-29-53-PM | FF31: 0.3 | FG31: 5.964 | FH31: -69.9756 | FI31: 24.85 | FJ31: 09-27-2025-Sat 13-29-53-PM | FK31: 0.1 | FL31: 5.972 | FM31: -66.845 | FN31: 74.65 | FO31: 09-27-2025-Sat 13-29-53-PM | FP31: 0.1 | FQ31: 5.972 | FR31: -68.2039 | FS31: 74.65 | FT31: 09-27-2025-Sat 13-29-53-PM | FU31: 0.2 | FV31: 5.968 | FW31: -65.904 | FX31: 37.3 | FY31: 09-27-2025-Sat 13-29-53-PM | FZ31: 0 | GA31: 5.972 | GB31: -64.075 | GC31: inf | GD31: 09-27-2025-Sat 13-29-53-PM | GE31: 0.2 | GF31: 5.972 | GG31: -62.717 | GH31: 37.325 | GI31: 09-27-2025-Sat 13-29-53-PM | GJ31: 0 | GK31: 5.972 | GL31: -64.24 | GM31: inf | GN31: 09-27-2025-Sat 13-29-53-PM | GO31: 0.4 | GP31: 5.968 | GQ31: -63.9666 | GR31: 18.65 | GS31: 09-27-2025-Sat 13-29-53-PM | GT31: 0.2 | GU31: 5.964 | GV31: -66.165 | GW31: 37.275 | GX31: 09-27-2025-Sat 13-29-53-PM | GY31: 0.4 | GZ31: 5.972 | HA31: -62.3551 | HB31: 18.6625 | HH31: 09-27-2025-Sat 13-29-53-PM | HI31: 0.3 | HJ31: 5.976 | HK31: -62.1249 | HL31: 24.9 | HM31: 08-29-2025-Fri 15-42-24-PM | HN31: 0.2 | HO31: 5.892 | HP31: -77.1481 | HQ31: 36.825 | HR31: 08-29-2025-Fri 15-42-24-PM | HS31: -0.1 | HT31: 5.896 | HU31: -76.886 | HV31: -73.7 | HW31: 08-29-2025-Fri 15-42-24-PM | HX31: 0 | HY31: 5.9 | HZ31: -76.6247 | IA31: inf | IB31: 08-29-2025-Fri 15-42-24-PM | IC31: 0.3 | ID31: 5.896 | IE31: -76.199 | IF31: 24.5667 | IG31: 08-29-2025-Fri 15-42-24-PM | IH31: 0.1 | II31: 5.888 | IJ31: -75.9051 | IK31: 73.6 | IL31: 08-29-2025-Fri 15-42-24-PM | IM31: 0.2 | IN31: 5.9 | IO31: -76.188 | IP31: 36.875 | IQ31: 08-29-2025-Fri 15-42-24-PM | IR31: 0.2 | IS31: 5.892 | IT31: -77.5078 | IU31: 36.825 | IV31: 08-29-2025-Fri 15-42-24-PM | IW31: 0.1 | IX31: 5.896 | IY31: -77.001 | IZ31: 73.7
A32: 10-24-2025-Fri 18-52-06-PM | B32: 0.2 | C32: 5.848 | D32: -58.932 | E32: 36.55 | F32: 10-24-2025-Fri 18-52-06-PM | G32: 0.1 | H32: 5.86 | I32: -56.822 | J32: 73.25 | K32: 10-24-2025-Fri 18-52-06-PM | L32: 0.1 | M32: 5.852 | N32: -58.6684 | O32: 73.15 | P32: 10-24-2025-Fri 18-52-06-PM | Q32: -0.1 | R32: 5.852 | S32: -57.878 | T32: -73.15 | U32: 10-24-2025-Fri 18-52-06-PM | V32: 0 | W32: 5.856 | X32: -60.8745 | Y32: inf | Z32: 10-24-2025-Fri 18-52-06-PM | AA32: -0.1 | AB32: 5.856 | AC32: -57.733 | AD32: -73.2 | AE32: 09-12-2025-Fri 12-30-51-PM | AF32: 0 | AG32: 5.948 | AH32: -53.1619 | AI32: inf | AJ32: 09-12-2025-Fri 12-30-51-PM | AK32: 0.2 | AL32: 5.964 | AM32: -52.579 | AN32: 37.275 | AO32: 09-12-2025-Fri 12-30-51-PM | AP32: 0.2 | AQ32: 5.948 | AR32: -53.1949 | AS32: 37.175 | AT32: 09-12-2025-Fri 12-30-51-PM | AU32: 0.3 | AV32: 5.952 | AW32: -52.914 | AX32: 24.8 | AY32: 09-12-2025-Fri 12-30-51-PM | AZ32: 0.2 | BA32: 5.944 | BB32: -57.3175 | BC32: 37.15 | BD32: 09-12-2025-Fri 12-30-51-PM | BE32: 0.1 | BF32: 5.952 | BG32: -54.547 | BH32: 74.4 | BI32: 09-12-2025-Fri 12-30-51-PM | BJ32: 0.2 | BK32: 5.956 | BL32: -53.9869 | BM32: 37.225 | BN32: 09-12-2025-Fri 12-30-51-PM | BO32: 0 | BP32: 5.956 | BQ32: -52.821 | BR32: inf | BS32: 10-24-2025-Fri 18-52-06-PM | BT32: 0.3 | BU32: 5.848 | BV32: -62.9144 | BW32: 24.3667 | BX32: 10-24-2025-Fri 18-52-06-PM | BY32: 0.1 | BZ32: 5.856 | CA32: -59.808 | CB32: 73.2 | CH32: 10-24-2025-Fri 18-52-06-PM | CI32: 0.6 | CJ32: 5.86 | CK32: -52.8649 | CL32: 12.2083 | CM32: 10-24-2025-Fri 18-52-06-PM | CN32: 0.1 | CO32: 5.856 | CP32: -56.207 | CQ32: 73.2 | CR32: 10-24-2025-Fri 18-52-06-PM | CS32: 0.5 | CT32: 5.856 | CU32: -57.0868 | CV32: 14.64 | CW32: 10-24-2025-Fri 18-52-06-PM | CX32: 0.4 | CY32: 5.852 | CZ32: -59.275 | DA32: 18.2875 | DB32: 10-24-2025-Fri 18-52-06-PM | DC32: 0.4 | DD32: 5.856 | DE32: -55.6362 | DF32: 18.3 | DG32: 10-24-2025-Fri 18-52-06-PM | DH32: 0.4 | DI32: 5.856 | DJ32: -56.635 | DK32: 18.3 | DL32: 10-24-2025-Fri 18-52-06-PM | DM32: 0.4 | DN32: 5.86 | DO32: -53.3929 | DP32: 18.3125 | DQ32: 09-05-2025-Fri 20-20-29-PM | DR32: 0.2 | DS32: 5.904 | DT32: -68.1053 | DU32: 36.9 | DV32: 09-05-2025-Fri 20-20-29-PM | DW32: 0.2 | DX32: 5.912 | DY32: -66.682 | DZ32: 36.95 | EA32: 09-05-2025-Fri 20-20-29-PM | EB32: 0.1 | EC32: 5.908 | ED32: -66.6609 | EE32: 73.85 | EF32: 09-05-2025-Fri 20-20-29-PM | EG32: 0.2 | EH32: 5.908 | EI32: -65.04 | EJ32: 36.925 | EK32: 09-27-2025-Sat 13-29-55-PM | EL32: -0.1 | EM32: 5.96 | EN32: -67.4817 | EO32: -74.5 | EP32: 09-27-2025-Sat 13-29-55-PM | EQ32: 0.3 | ER32: 5.972 | ES32: -65.456 | ET32: 24.8833 | EU32: 09-27-2025-Sat 13-29-55-PM | EV32: 0.1 | EW32: 5.96 | EX32: -66.1353 | EY32: 74.5 | EZ32: 09-27-2025-Sat 13-29-55-PM | FA32: 0.3 | FB32: 5.968 | FC32: -65.084 | FD32: 24.8667 | FE32: 09-27-2025-Sat 13-29-55-PM | FF32: 0.3 | FG32: 5.96 | FH32: -70.0739 | FI32: 24.8333 | FJ32: 09-27-2025-Sat 13-29-55-PM | FK32: -0.1 | FL32: 5.972 | FM32: -66.899 | FN32: -74.65 | FO32: 09-27-2025-Sat 13-29-55-PM | FP32: 0.1 | FQ32: 5.972 | FR32: -68.3023 | FS32: 74.65 | FT32: 09-27-2025-Sat 13-29-55-PM | FU32: 0.1 | FV32: 5.972 | FW32: -65.981 | FX32: 74.65 | FY32: 09-27-2025-Sat 13-29-55-PM | FZ32: 0.4 | GA32: 5.968 | GB32: -64.13 | GC32: 18.65 | GD32: 09-27-2025-Sat 13-29-55-PM | GE32: 0.4 | GF32: 5.972 | GG32: -62.7499 | GH32: 18.6625 | GI32: 09-27-2025-Sat 13-29-55-PM | GJ32: 0.1 | GK32: 5.972 | GL32: -64.306 | GM32: 74.65 | GN32: 09-27-2025-Sat 13-29-55-PM | GO32: 0.3 | GP32: 5.968 | GQ32: -64.0323 | GR32: 24.8667 | GS32: 09-27-2025-Sat 13-29-55-PM | GT32: 0.2 | GU32: 5.964 | GV32: -66.198 | GW32: 37.275 | GX32: 09-27-2025-Sat 13-29-55-PM | GY32: 0.2 | GZ32: 5.968 | HA32: -62.3223 | HB32: 37.3 | HH32: 09-27-2025-Sat 13-29-55-PM | HI32: 0.2 | HJ32: 5.976 | HK32: -62.1578 | HL32: 37.35 | HM32: 08-29-2025-Fri 15-42-26-PM | HN32: 0.2 | HO32: 5.892 | HP32: -77.1153 | HQ32: 36.825 | HR32: 08-29-2025-Fri 15-42-26-PM | HS32: 0.1 | HT32: 5.896 | HU32: -76.897 | HV32: 73.7 | HW32: 08-29-2025-Fri 15-42-26-PM | HX32: 0 | HY32: 5.9 | HZ32: -76.6575 | IA32: inf | IB32: 08-29-2025-Fri 15-42-26-PM | IC32: 0.1 | ID32: 5.896 | IE32: -76.221 | IF32: 73.7 | IG32: 08-29-2025-Fri 15-42-26-PM | IH32: 0 | II32: 5.892 | IJ32: -75.9378 | IK32: inf | IL32: 08-29-2025-Fri 15-42-26-PM | IM32: 0.2 | IN32: 5.904 | IO32: -76.221 | IP32: 36.9 | IQ32: 08-29-2025-Fri 15-42-26-PM | IR32: 0.2 | IS32: 5.892 | IT32: -77.5078 | IU32: 36.825 | IV32: 08-29-2025-Fri 15-42-26-PM | IW32: 0.2 | IX32: 5.896 | IY32: -77.017 | IZ32: 36.85
A33: 10-24-2025-Fri 18-52-09-PM | B33: 0.3 | C33: 5.848 | D33: -59.0307 | E33: 24.3667 | F33: 10-24-2025-Fri 18-52-09-PM | G33: 0.1 | H33: 5.864 | I33: -56.888 | J33: 73.3 | K33: 10-24-2025-Fri 18-52-09-PM | L33: 0.2 | M33: 5.852 | N33: -58.7014 | O33: 36.575 | P33: 10-24-2025-Fri 18-52-09-PM | Q33: 0 | R33: 5.852 | S33: -57.927 | T33: inf | U33: 10-24-2025-Fri 18-52-09-PM | V33: 0.2 | W33: 5.86 | X33: -60.9404 | Y33: 36.625 | Z33: 10-24-2025-Fri 18-52-09-PM | AA33: -0.1 | AB33: 5.856 | AC33: -57.81 | AD33: -73.2 | AE33: 09-12-2025-Fri 12-30-53-PM | AF33: -0.1 | AG33: 5.948 | AH33: -53.1949 | AI33: -74.35 | AJ33: 09-12-2025-Fri 12-30-53-PM | AK33: 0.1 | AL33: 5.96 | AM33: -52.612 | AN33: 74.5 | AO33: 09-12-2025-Fri 12-30-53-PM | AP33: 0.1 | AQ33: 5.948 | AR33: -53.2279 | AS33: 74.35 | AT33: 09-12-2025-Fri 12-30-53-PM | AU33: 0.4 | AV33: 5.952 | AW33: -52.947 | AX33: 18.6 | AY33: 09-12-2025-Fri 12-30-53-PM | AZ33: 0.3 | BA33: 5.952 | BB33: -57.3835 | BC33: 24.8 | BD33: 09-12-2025-Fri 12-30-53-PM | BE33: 0.2 | BF33: 5.956 | BG33: -54.613 | BH33: 37.225 | BI33: 09-12-2025-Fri 12-30-53-PM | BJ33: 0 | BK33: 5.956 | BL33: -54.0199 | BM33: inf | BN33: 09-12-2025-Fri 12-30-53-PM | BO33: 0.1 | BP33: 5.952 | BQ33: -52.887 | BR33: 74.4 | BS33: 10-24-2025-Fri 18-52-09-PM | BT33: 0.1 | BU33: 5.848 | BV33: -62.9801 | BW33: 73.1 | BX33: 10-24-2025-Fri 18-52-09-PM | BY33: 0.2 | BZ33: 5.856 | CA33: -59.852 | CB33: 36.6 | CH33: 10-24-2025-Fri 18-52-09-PM | CI33: 0.1 | CJ33: 5.856 | CK33: -52.9308 | CL33: 73.2 | CM33: 10-24-2025-Fri 18-52-09-PM | CN33: 0.4 | CO33: 5.856 | CP33: -56.262 | CQ33: 18.3 | CR33: 10-24-2025-Fri 18-52-09-PM | CS33: 0.3 | CT33: 5.856 | CU33: -57.1528 | CV33: 24.4 | CW33: 10-24-2025-Fri 18-52-09-PM | CX33: 0.3 | CY33: 5.848 | CZ33: -59.308 | DA33: 24.3667 | DB33: 10-24-2025-Fri 18-52-09-PM | DC33: 0.5 | DD33: 5.856 | DE33: -55.6362 | DF33: 14.64 | DG33: 10-24-2025-Fri 18-52-09-PM | DH33: 0.5 | DI33: 5.856 | DJ33: -56.679 | DK33: 14.64 | DL33: 10-24-2025-Fri 18-52-09-PM | DM33: 0.2 | DN33: 5.864 | DO33: -53.4589 | DP33: 36.65 | DQ33: 09-05-2025-Fri 20-20-31-PM | DR33: 0.5 | DS33: 5.904 | DT33: -68.1053 | DU33: 14.76 | DV33: 09-05-2025-Fri 20-20-31-PM | DW33: 0.3 | DX33: 5.912 | DY33: -66.682 | DZ33: 24.6333 | EA33: 09-05-2025-Fri 20-20-31-PM | EB33: 0.2 | EC33: 5.916 | ED33: -66.6937 | EE33: 36.975 | EF33: 09-05-2025-Fri 20-20-31-PM | EG33: 0.2 | EH33: 5.908 | EI33: -65.051 | EJ33: 36.925 | EK33: 09-27-2025-Sat 13-29-58-PM | EL33: 0.1 | EM33: 5.96 | EN33: -67.5474 | EO33: 74.5 | EP33: 09-27-2025-Sat 13-29-58-PM | EQ33: 0 | ER33: 5.976 | ES33: -65.543 | ET33: inf | EU33: 09-27-2025-Sat 13-29-58-PM | EV33: 0 | EW33: 5.964 | EX33: -66.2339 | EY33: inf | EZ33: 09-27-2025-Sat 13-29-58-PM | FA33: 0.3 | FB33: 5.968 | FC33: -65.15 | FD33: 24.8667 | FE33: 09-27-2025-Sat 13-29-58-PM | FF33: 0.2 | FG33: 5.964 | FH33: -70.2052 | FI33: 37.275 | FJ33: 09-27-2025-Sat 13-29-58-PM | FK33: 0 | FL33: 5.968 | FM33: -67.009 | FN33: inf | FO33: 09-27-2025-Sat 13-29-58-PM | FP33: 0.1 | FQ33: 5.968 | FR33: -68.368 | FS33: 74.6 | FT33: 09-27-2025-Sat 13-29-58-PM | FU33: 0.2 | FV33: 5.968 | FW33: -66.046 | FX33: 37.3 | FY33: 09-27-2025-Sat 13-29-58-PM | FZ33: 0.3 | GA33: 5.976 | GB33: -64.207 | GC33: 24.9 | GD33: 09-27-2025-Sat 13-29-58-PM | GE33: 0.1 | GF33: 5.976 | GG33: -62.8485 | GH33: 74.7 | GI33: 09-27-2025-Sat 13-29-58-PM | GJ33: 0.2 | GK33: 5.976 | GL33: -64.383 | GM33: 37.35 | GN33: 09-27-2025-Sat 13-29-58-PM | GO33: 0 | GP33: 5.972 | GQ33: -64.0652 | GR33: inf | GS33: 09-27-2025-Sat 13-29-58-PM | GT33: 0.1 | GU33: 5.964 | GV33: -66.33 | GW33: 74.55 | GX33: 09-27-2025-Sat 13-29-58-PM | GY33: 0.4 | GZ33: 5.972 | HA33: -62.4539 | HB33: 18.6625 | HH33: 09-27-2025-Sat 13-29-58-PM | HI33: 0.1 | HJ33: 5.98 | HK33: -62.2236 | HL33: 74.75 | HM33: 08-29-2025-Fri 15-46-13-PM | HN33: 0.2 | HO33: 5.892 | HP33: -79.8283 | HQ33: 36.825 | HR33: 08-29-2025-Fri 15-46-13-PM | HS33: 0 | HT33: 5.896 | HU33: -79.545 | HV33: inf | HW33: 08-29-2025-Fri 15-46-13-PM | HX33: -0.2 | HY33: 5.896 | HZ33: -79.2729 | IA33: -36.85 | IB33: 08-29-2025-Fri 15-46-13-PM | IC33: -0.1 | ID33: 5.892 | IE33: -78.892 | IF33: -73.65 | IG33: 08-29-2025-Fri 15-46-13-PM | IH33: 0.1 | II33: 5.884 | IJ33: -78.5866 | IK33: 73.55 | IL33: 08-29-2025-Fri 15-46-13-PM | IM33: 0.1 | IN33: 5.9 | IO33: -78.859 | IP33: 73.75 | IQ33: 08-29-2025-Fri 15-46-13-PM | IR33: 0.3 | IS33: 5.888 | IT33: -80.2202 | IU33: 24.5333 | IV33: 08-29-2025-Fri 15-46-13-PM | IW33: 0.1 | IX33: 5.892 | IY33: -79.681 | IZ33: 73.65
A34: 10-24-2025-Fri 18-52-11-PM | B34: 0 | C34: 5.848 | D34: -59.0636 | E34: inf | F34: 10-24-2025-Fri 18-52-11-PM | G34: 0.1 | H34: 5.864 | I34: -56.943 | J34: 73.3 | K34: 10-24-2025-Fri 18-52-11-PM | L34: 0 | M34: 5.848 | N34: -58.7672 | O34: inf | P34: 10-24-2025-Fri 18-52-11-PM | Q34: 0.2 | R34: 5.856 | S34: -57.993 | T34: 36.6 | U34: 10-24-2025-Fri 18-52-11-PM | V34: 0.1 | W34: 5.856 | X34: -61.039 | Y34: 73.2 | Z34: 10-24-2025-Fri 18-52-11-PM | AA34: 0.2 | AB34: 5.856 | AC34: -57.854 | AD34: 36.6 | AE34: 09-12-2025-Fri 12-30-56-PM | AF34: -0.2 | AG34: 5.944 | AH34: -53.2609 | AI34: -37.15 | AJ34: 09-12-2025-Fri 12-30-56-PM | AK34: 0.4 | AL34: 5.964 | AM34: -52.667 | AN34: 18.6375 | AO34: 09-12-2025-Fri 12-30-56-PM | AP34: 0 | AQ34: 5.948 | AR34: -53.2938 | AS34: inf | AT34: 09-12-2025-Fri 12-30-56-PM | AU34: 0.1 | AV34: 5.956 | AW34: -52.997 | AX34: 74.45 | AY34: 09-12-2025-Fri 12-30-56-PM | AZ34: 0 | BA34: 5.948 | BB34: -57.4823 | BC34: inf | BD34: 09-12-2025-Fri 12-30-56-PM | BE34: 0.3 | BF34: 5.956 | BG34: -54.679 | BH34: 24.8167 | BI34: 09-12-2025-Fri 12-30-56-PM | BJ34: -0.1 | BK34: 5.956 | BL34: -54.0859 | BM34: -74.45 | BN34: 09-12-2025-Fri 12-30-56-PM | BO34: 0.2 | BP34: 5.952 | BQ34: -52.92 | BR34: 37.2 | BS34: 10-24-2025-Fri 18-52-11-PM | BT34: 0.1 | BU34: 5.848 | BV34: -63.0459 | BW34: 73.1 | BX34: 10-24-2025-Fri 18-52-11-PM | BY34: 0 | BZ34: 5.856 | CA34: -59.929 | CB34: inf | CH34: 10-24-2025-Fri 18-52-11-PM | CI34: 0.3 | CJ34: 5.856 | CK34: -52.9968 | CL34: 24.4 | CM34: 10-24-2025-Fri 18-52-11-PM | CN34: 0.1 | CO34: 5.856 | CP34: -56.328 | CQ34: 73.2 | CR34: 10-24-2025-Fri 18-52-11-PM | CS34: 0.4 | CT34: 5.856 | CU34: -57.2187 | CV34: 18.3 | CW34: 10-24-2025-Fri 18-52-11-PM | CX34: 0.2 | CY34: 5.852 | CZ34: -59.374 | DA34: 36.575 | DB34: 10-24-2025-Fri 18-52-11-PM | DC34: 0.3 | DD34: 5.86 | DE34: -55.7022 | DF34: 24.4167 | DG34: 10-24-2025-Fri 18-52-11-PM | DH34: 0.5 | DI34: 5.856 | DJ34: -56.733 | DK34: 14.64 | DL34: 10-24-2025-Fri 18-52-11-PM | DM34: 0.2 | DN34: 5.864 | DO34: -53.4589 | DP34: 36.65 | DQ34: 09-05-2025-Fri 20-21-36-PM | DR34: 0 | DS34: 5.9 | DT34: -68.368 | DU34: inf | DV34: 09-05-2025-Fri 20-21-36-PM | DW34: 0.5 | DX34: 5.908 | DY34: -67.011 | DZ34: 14.77 | EA34: 09-05-2025-Fri 20-21-36-PM | EB34: 0.1 | EC34: 5.908 | ED34: -66.9564 | EE34: 73.85 | EF34: 09-05-2025-Fri 20-21-36-PM | EG34: 0.1 | EH34: 5.904 | EI34: -65.347 | EJ34: 73.8 | EK34: 09-27-2025-Sat 13-30-00-PM | EL34: 0.1 | EM34: 5.964 | EN34: -67.6459 | EO34: 74.55 | EP34: 09-27-2025-Sat 13-30-00-PM | EQ34: 0.1 | ER34: 5.976 | ES34: -65.62 | ET34: 74.7 | EU34: 09-27-2025-Sat 13-30-00-PM | EV34: 0.2 | EW34: 5.96 | EX34: -66.2994 | EY34: 37.25 | EZ34: 09-27-2025-Sat 13-30-00-PM | FA34: 0.5 | FB34: 5.964 | FC34: -65.215 | FD34: 14.91 | FE34: 09-27-2025-Sat 13-30-00-PM | FF34: 0 | FG34: 5.964 | FH34: -70.3036 | FI34: inf | FJ34: 09-27-2025-Sat 13-30-00-PM | FK34: 0.2 | FL34: 5.968 | FM34: -67.097 | FN34: 37.3 | FO34: 09-27-2025-Sat 13-30-00-PM | FP34: -0.2 | FQ34: 5.972 | FR34: -68.4335 | FS34: -37.325 | FT34: 09-27-2025-Sat 13-30-00-PM | FU34: 0.3 | FV34: 5.968 | FW34: -66.123 | FX34: 24.8667 | FY34: 09-27-2025-Sat 13-30-00-PM | FZ34: 0.1 | GA34: 5.976 | GB34: -64.283 | GC34: 74.7 | GD34: 09-27-2025-Sat 13-30-00-PM | GE34: 0 | GF34: 5.972 | GG34: -62.9144 | GH34: inf | GI34: 09-27-2025-Sat 13-30-00-PM | GJ34: 0 | GK34: 5.976 | GL34: -64.448 | GM34: inf | GN34: 09-27-2025-Sat 13-30-00-PM | GO34: 0.4 | GP34: 5.972 | GQ34: -64.1309 | GR34: 18.6625 | GS34: 09-27-2025-Sat 13-30-00-PM | GT34: 0.1 | GU34: 5.964 | GV34: -66.428 | GW34: 74.55 | GX34: 09-27-2025-Sat 13-30-00-PM | GY34: 0.2 | GZ34: 5.972 | HA34: -62.5526 | HB34: 37.325 | HH34: 09-27-2025-Sat 13-30-00-PM | HI34: 0.1 | HJ34: 5.976 | HK34: -62.2894 | HL34: 74.7 | HM34: 08-29-2025-Fri 15-46-15-PM | HN34: 0.1 | HO34: 5.888 | HP34: -79.8283 | HQ34: 73.6 | HR34: 08-29-2025-Fri 15-46-15-PM | HS34: -0.1 | HT34: 5.896 | HU34: -79.578 | HV34: -73.7 | HW34: 08-29-2025-Fri 15-46-15-PM | HX34: 0 | HY34: 5.9 | HZ34: -79.3056 | IA34: inf | IB34: 08-29-2025-Fri 15-46-15-PM | IC34: 0.1 | ID34: 5.896 | IE34: -78.924 | IF34: 73.7 | IG34: 08-29-2025-Fri 15-46-15-PM | IH34: 0 | II34: 5.888 | IJ34: -78.5866 | IK34: inf | IL34: 08-29-2025-Fri 15-46-15-PM | IM34: 0.1 | IN34: 5.896 | IO34: -78.87 | IP34: 73.7 | IQ34: 08-29-2025-Fri 15-46-15-PM | IR34: 0.3 | IS34: 5.884 | IT34: -80.2202 | IU34: 24.5167 | IV34: 08-29-2025-Fri 15-46-15-PM | IW34: 0.1 | IX34: 5.892 | IY34: -79.714 | IZ34: 73.65
A35: 10-24-2025-Fri 18-52-13-PM | B35: -0.1 | C35: 5.848 | D35: -59.1625 | E35: -73.1 | F35: 10-24-2025-Fri 18-52-13-PM | G35: 0.1 | H35: 5.86 | I35: -57.019 | J35: 73.25 | K35: 10-24-2025-Fri 18-52-13-PM | L35: -0.1 | M35: 5.848 | N35: -58.8331 | O35: -73.1 | P35: 10-24-2025-Fri 18-52-13-PM | Q35: 0.2 | R35: 5.856 | S35: -58.042 | T35: 36.6 | U35: 10-24-2025-Fri 18-52-13-PM | V35: 0 | W35: 5.856 | X35: -61.072 | Y35: inf | Z35: 10-24-2025-Fri 18-52-13-PM | AA35: 0 | AB35: 5.856 | AC35: -57.953 | AD35: inf | AE35: 09-12-2025-Fri 12-30-58-PM | AF35: 0 | AG35: 5.944 | AH35: -53.2938 | AI35: inf | AJ35: 09-12-2025-Fri 12-30-58-PM | AK35: 0 | AL35: 5.96 | AM35: -52.711 | AN35: inf | AO35: 09-12-2025-Fri 12-30-58-PM | AP35: 0.2 | AQ35: 5.948 | AR35: -53.3269 | AS35: 37.175 | AT35: 09-12-2025-Fri 12-30-58-PM | AU35: 0 | AV35: 5.952 | AW35: -53.046 | AX35: inf | AY35: 09-12-2025-Fri 12-30-58-PM | AZ35: 0.4 | BA35: 5.948 | BB35: -57.5483 | BC35: 18.5875 | BD35: 09-12-2025-Fri 12-30-58-PM | BE35: 0 | BF35: 5.956 | BG35: -54.712 | BH35: inf | BI35: 09-12-2025-Fri 12-30-58-PM | BJ35: -0.1 | BK35: 5.96 | BL35: -54.1189 | BM35: -74.5 | BN35: 09-12-2025-Fri 12-30-58-PM | BO35: 0.1 | BP35: 5.952 | BQ35: -52.931 | BR35: 74.4 | BS35: 10-24-2025-Fri 18-52-13-PM | BT35: 0.2 | BU35: 5.848 | BV35: -63.1445 | BW35: 36.55 | BX35: 10-24-2025-Fri 18-52-13-PM | BY35: 0.2 | BZ35: 5.852 | CA35: -60.006 | CB35: 36.575 | CH35: 10-24-2025-Fri 18-52-13-PM | CI35: 0.2 | CJ35: 5.856 | CK35: -53.0629 | CL35: 36.6 | CM35: 10-24-2025-Fri 18-52-13-PM | CN35: 0.1 | CO35: 5.856 | CP35: -56.382 | CQ35: 73.2 | CR35: 10-24-2025-Fri 18-52-13-PM | CS35: 0.4 | CT35: 5.86 | CU35: -57.2515 | CV35: 18.3125 | CW35: 10-24-2025-Fri 18-52-13-PM | CX35: 0.1 | CY35: 5.848 | CZ35: -59.473 | DA35: 73.1 | DB35: 10-24-2025-Fri 18-52-13-PM | DC35: 0.2 | DD35: 5.852 | DE35: -55.8011 | DF35: 36.575 | DG35: 10-24-2025-Fri 18-52-13-PM | DH35: 0.2 | DI35: 5.856 | DJ35: -56.832 | DK35: 36.6 | DL35: 10-24-2025-Fri 18-52-13-PM | DM35: 0.1 | DN35: 5.86 | DO35: -53.6239 | DP35: 73.25 | DQ35: 09-05-2025-Fri 20-21-39-PM | DR35: 0.2 | DS35: 5.904 | DT35: -68.368 | DU35: 36.9 | DV35: 09-05-2025-Fri 20-21-39-PM | DW35: 0.2 | DX35: 5.908 | DY35: -67.044 | DZ35: 36.925 | EA35: 09-05-2025-Fri 20-21-39-PM | EB35: 0.1 | EC35: 5.912 | ED35: -66.9564 | EE35: 73.9 | EF35: 09-05-2025-Fri 20-21-39-PM | EG35: 0.2 | EH35: 5.908 | EI35: -65.401 | EJ35: 36.925 | EK35: 09-27-2025-Sat 13-30-02-PM | EL35: -0.1 | EM35: 5.96 | EN35: -67.7115 | EO35: -74.5 | EP35: 09-27-2025-Sat 13-30-02-PM | EQ35: 0 | ER35: 5.972 | ES35: -65.686 | ET35: inf | EU35: 09-27-2025-Sat 13-30-02-PM | EV35: 0.2 | EW35: 5.964 | EX35: -66.3652 | EY35: 37.275 | EZ35: 09-27-2025-Sat 13-30-02-PM | FA35: 0.1 | FB35: 5.964 | FC35: -65.281 | FD35: 74.55 | FE35: 09-27-2025-Sat 13-30-02-PM | FF35: 0.1 | FG35: 5.964 | FH35: -70.4019 | FI35: 74.55 | FJ35: 09-27-2025-Sat 13-30-02-PM | FK35: 0.1 | FL35: 5.972 | FM35: -67.162 | FN35: 74.65 | FO35: 09-27-2025-Sat 13-30-02-PM | FP35: 0.3 | FQ35: 5.972 | FR35: -68.5321 | FS35: 24.8833 | FT35: 09-27-2025-Sat 13-30-02-PM | FU35: 0.1 | FV35: 5.968 | FW35: -66.2 | FX35: 74.6 | FY35: 09-27-2025-Sat 13-30-02-PM | FZ35: 0 | GA35: 5.976 | GB35: -64.349 | GC35: inf | GD35: 09-27-2025-Sat 13-30-02-PM | GE35: 0.2 | GF35: 5.976 | GG35: -62.9801 | GH35: 37.35 | GI35: 09-27-2025-Sat 13-30-02-PM | GJ35: -0.1 | GK35: 5.972 | GL35: -64.514 | GM35: -74.65 | GN35: 09-27-2025-Sat 13-30-02-PM | GO35: 0.3 | GP35: 5.976 | GQ35: -64.1967 | GR35: 24.9 | GS35: 09-27-2025-Sat 13-30-02-PM | GT35: 0.3 | GU35: 5.964 | GV35: -66.477 | GW35: 24.85 | GX35: 09-27-2025-Sat 13-30-02-PM | GY35: 0.2 | GZ35: 5.972 | HA35: -62.5526 | HB35: 37.325 | HH35: 09-27-2025-Sat 13-30-02-PM | HI35: 0.2 | HJ35: 5.976 | HK35: -62.3551 | HL35: 37.35 | HM35: 08-29-2025-Fri 15-46-18-PM | HN35: 0.1 | HO35: 5.888 | HP35: -79.861 | HQ35: 73.6 | HR35: 08-29-2025-Fri 15-46-18-PM | HS35: 0 | HT35: 5.896 | HU35: -79.6 | HV35: inf | HW35: 08-29-2025-Fri 15-46-18-PM | HX35: 0 | HY35: 5.896 | HZ35: -79.3383 | IA35: inf | IB35: 08-29-2025-Fri 15-46-18-PM | IC35: 0.1 | ID35: 5.896 | IE35: -78.924 | IF35: 73.7 | IG35: 08-29-2025-Fri 15-46-18-PM | IH35: -0.1 | II35: 5.884 | IJ35: -78.6194 | IK35: -73.55 | IL35: 08-29-2025-Fri 15-46-18-PM | IM35: 0.1 | IN35: 5.904 | IO35: -78.881 | IP35: 73.8 | IQ35: 08-29-2025-Fri 15-46-18-PM | IR35: 0.2 | IS35: 5.888 | IT35: -80.2202 | IU35: 36.8 | IV35: 08-29-2025-Fri 15-46-18-PM | IW35: 0 | IX35: 5.892 | IY35: -79.73 | IZ35: inf
A36: 10-24-2025-Fri 18-52-16-PM | B36: -0.3 | C36: 5.848 | D36: -59.2283 | E36: -24.3667 | F36: 10-24-2025-Fri 18-52-16-PM | G36: -0.1 | H36: 5.86 | I36: -57.074 | J36: -73.25 | K36: 10-24-2025-Fri 18-52-16-PM | L36: 0 | M36: 5.848 | N36: -58.899 | O36: inf | P36: 10-24-2025-Fri 18-52-16-PM | Q36: 0.2 | R36: 5.852 | S36: -58.125 | T36: 36.575 | U36: 10-24-2025-Fri 18-52-16-PM | V36: -0.1 | W36: 5.856 | X36: -61.1707 | Y36: -73.2 | Z36: 10-24-2025-Fri 18-52-16-PM | AA36: -0.1 | AB36: 5.852 | AC36: -58.008 | AD36: -73.15 | AE36: 09-12-2025-Fri 12-31-00-PM | AF36: -0.1 | AG36: 5.948 | AH36: -53.3599 | AI36: -74.35 | AJ36: 09-12-2025-Fri 12-31-00-PM | AK36: 0.4 | AL36: 5.96 | AM36: -52.766 | AN36: 18.625 | AO36: 09-12-2025-Fri 12-31-00-PM | AP36: 0 | AQ36: 5.948 | AR36: -53.3929 | AS36: inf | AT36: 09-12-2025-Fri 12-31-00-PM | AU36: 0.1 | AV36: 5.952 | AW36: -53.096 | AX36: 74.4 | AY36: 09-12-2025-Fri 12-31-00-PM | AZ36: 0.3 | BA36: 5.948 | BB36: -57.6471 | BC36: 24.7833 | BD36: 09-12-2025-Fri 12-31-00-PM | BE36: 0.1 | BF36: 5.956 | BG36: -54.811 | BH36: 74.45 | BI36: 09-12-2025-Fri 12-31-00-PM | BJ36: 0.2 | BK36: 5.956 | BL36: -54.1849 | BM36: 37.225 | BN36: 09-12-2025-Fri 12-31-00-PM | BO36: 0.5 | BP36: 5.956 | BQ36: -53.008 | BR36: 14.89 | BS36: 10-24-2025-Fri 18-52-16-PM | BT36: 0.2 | BU36: 5.848 | BV36: -63.2432 | BW36: 36.55 | BX36: 10-24-2025-Fri 18-52-16-PM | BY36: 0.1 | BZ36: 5.856 | CA36: -60.083 | CB36: 73.2 | CH36: 10-24-2025-Fri 18-52-16-PM | CI36: 0.6 | CJ36: 5.856 | CK36: -53.0959 | CL36: 12.2 | CM36: 10-24-2025-Fri 18-52-16-PM | CN36: 0.3 | CO36: 5.86 | CP36: -56.448 | CQ36: 24.4167 | CR36: 10-24-2025-Fri 18-52-16-PM | CS36: 0.4 | CT36: 5.856 | CU36: -57.3505 | CV36: 18.3 | CW36: 10-24-2025-Fri 18-52-16-PM | CX36: 0.4 | CY36: 5.844 | CZ36: -59.539 | DA36: 18.2625 | DB36: 10-24-2025-Fri 18-52-16-PM | DC36: 0.2 | DD36: 5.856 | DE36: -55.8341 | DF36: 36.6 | DG36: 10-24-2025-Fri 18-52-16-PM | DH36: 0.3 | DI36: 5.856 | DJ36: -56.876 | DK36: 24.4 | DL36: 10-24-2025-Fri 18-52-16-PM | DM36: 0.2 | DN36: 5.86 | DO36: -53.6239 | DP36: 36.625 | DQ36: 09-05-2025-Fri 20-21-41-PM | DR36: 0 | DS36: 5.904 | DT36: -68.4008 | DU36: inf | DV36: 09-05-2025-Fri 20-21-41-PM | DW36: 0.2 | DX36: 5.908 | DY36: -67.044 | DZ36: 36.925 | EA36: 09-05-2025-Fri 20-21-41-PM | EB36: 0.1 | EC36: 5.908 | ED36: -66.9892 | EE36: 73.85 | EF36: 09-05-2025-Fri 20-21-41-PM | EG36: 0.1 | EH36: 5.908 | EI36: -65.412 | EJ36: 73.85 | EK36: 09-27-2025-Sat 13-30-38-PM | EL36: 0 | EM36: 5.964 | EN36: -68.8274 | EO36: inf | EP36: 09-27-2025-Sat 13-30-38-PM | EQ36: 0.1 | ER36: 5.972 | ES36: -66.737 | ET36: 74.65 | EU36: 09-27-2025-Sat 13-30-38-PM | EV36: 0 | EW36: 5.96 | EX36: -67.4161 | EY36: inf | EZ36: 09-27-2025-Sat 13-30-38-PM | FA36: -0.1 | FB36: 5.964 | FC36: -66.267 | FD36: -74.55 | FE36: 09-27-2025-Sat 13-30-38-PM | FF36: 0 | FG36: 5.968 | FH36: -71.7461 | FI36: inf | FJ36: 09-27-2025-Sat 13-30-38-PM | FK36: 0.3 | FL36: 5.968 | FM36: -68.3 | FN36: 24.8667 | FO36: 09-27-2025-Sat 13-30-38-PM | FP36: 0.1 | FQ36: 5.972 | FR36: -69.6148 | FS36: 74.65 | FT36: 09-27-2025-Sat 13-30-38-PM | FU36: 0.1 | FV36: 5.968 | FW36: -67.294 | FX36: 74.6 | FY36: 09-27-2025-Sat 13-30-38-PM | FZ36: 0 | GA36: 5.976 | GB36: -65.412 | GC36: inf | GD36: 09-27-2025-Sat 13-30-38-PM | GE36: 0.2 | GF36: 5.972 | GG36: -63.9666 | GH36: 37.325 | GI36: 09-27-2025-Sat 13-30-38-PM | GJ36: 0.1 | GK36: 5.976 | GL36: -65.5 | GM36: 74.7 | GN36: 09-27-2025-Sat 13-30-38-PM | GO36: 0.3 | GP36: 5.972 | GQ36: -65.1169 | GR36: 24.8833 | GS36: 09-27-2025-Sat 13-30-38-PM | GT36: 0.1 | GU36: 5.964 | GV36: -67.643 | GW36: 74.55 | GX36: 09-27-2025-Sat 13-30-38-PM | GY36: 0.1 | GZ36: 5.972 | HA36: -63.5391 | HB36: 74.65 | HH36: 09-27-2025-Sat 13-30-38-PM | HI36: 0.2 | HJ36: 5.976 | HK36: -63.4405 | HL36: 37.35 | HM36: 08-29-2025-Fri 15-46-20-PM | HN36: 0.1 | HO36: 5.892 | HP36: -79.8936 | HQ36: 73.65 | HR36: 08-29-2025-Fri 15-46-20-PM | HS36: 0 | HT36: 5.896 | HU36: -79.621 | HV36: inf | HW36: 08-29-2025-Fri 15-46-20-PM | HX36: 0 | HY36: 5.9 | HZ36: -79.3383 | IA36: inf | IB36: 08-29-2025-Fri 15-46-20-PM | IC36: 0 | ID36: 5.896 | IE36: -78.968 | IF36: inf | IG36: 08-29-2025-Fri 15-46-20-PM | IH36: -0.1 | II36: 5.892 | IJ36: -78.652 | IK36: -73.65 | IL36: 08-29-2025-Fri 15-46-20-PM | IM36: 0.2 | IN36: 5.9 | IO36: -78.913 | IP36: 36.875 | IQ36: 08-29-2025-Fri 15-46-20-PM | IR36: -0.1 | IS36: 5.888 | IT36: -80.253 | IU36: -73.6 | IV36: 08-29-2025-Fri 15-46-20-PM | IW36: 0 | IX36: 5.892 | IY36: -79.747 | IZ36: inf
A37: 10-24-2025-Fri 18-52-18-PM | B37: 0 | C37: 5.848 | D37: -59.2942 | E37: inf | F37: 10-24-2025-Fri 18-52-18-PM | G37: -0.2 | H37: 5.86 | I37: -57.14 | J37: -36.625 | K37: 10-24-2025-Fri 18-52-18-PM | L37: 0 | M37: 5.848 | N37: -58.9648 | O37: inf | P37: 10-24-2025-Fri 18-52-18-PM | Q37: 0.1 | R37: 5.856 | S37: -58.191 | T37: 73.2 | U37: 10-24-2025-Fri 18-52-18-PM | V37: 0 | W37: 5.86 | X37: -61.2365 | Y37: inf | Z37: 10-24-2025-Fri 18-52-18-PM | AA37: -0.1 | AB37: 5.86 | AC37: -58.096 | AD37: -73.25 | AE37: 09-12-2025-Fri 12-31-03-PM | AF37: 0.2 | AG37: 5.944 | AH37: -53.3929 | AI37: 37.15 | AJ37: 09-12-2025-Fri 12-31-03-PM | AK37: 0.3 | AL37: 5.96 | AM37: -52.799 | AN37: 24.8333 | AO37: 09-12-2025-Fri 12-31-03-PM | AP37: 0.2 | AQ37: 5.952 | AR37: -53.4259 | AS37: 37.2 | AT37: 09-12-2025-Fri 12-31-03-PM | AU37: 0.1 | AV37: 5.952 | AW37: -53.145 | AX37: 74.4 | AY37: 09-12-2025-Fri 12-31-03-PM | AZ37: 0.4 | BA37: 5.948 | BB37: -57.713 | BC37: 18.5875 | BD37: 09-12-2025-Fri 12-31-03-PM | BE37: 0.2 | BF37: 5.956 | BG37: -54.855 | BH37: 37.225 | BI37: 09-12-2025-Fri 12-31-03-PM | BJ37: 0.2 | BK37: 5.952 | BL37: -54.2179 | BM37: 37.2 | BN37: 09-12-2025-Fri 12-31-03-PM | BO37: 0.3 | BP37: 5.952 | BQ37: -53.03 | BR37: 24.8 | BS37: 10-24-2025-Fri 18-52-18-PM | BT37: 0.1 | BU37: 5.848 | BV37: -63.3747 | BW37: 73.1 | BX37: 10-24-2025-Fri 18-52-18-PM | BY37: 0 | BZ37: 5.856 | CA37: -60.203 | CB37: inf | CH37: 10-24-2025-Fri 18-52-18-PM | CI37: 0.3 | CJ37: 5.856 | CK37: -53.1619 | CL37: 24.4 | CM37: 10-24-2025-Fri 18-52-18-PM | CN37: 0.1 | CO37: 5.856 | CP37: -56.514 | CQ37: 73.2 | CR37: 10-24-2025-Fri 18-52-18-PM | CS37: 0.1 | CT37: 5.86 | CU37: -57.4164 | CV37: 73.25 | CW37: 10-24-2025-Fri 18-52-18-PM | CX37: 0.2 | CY37: 5.852 | CZ37: -59.687 | DA37: 36.575 | DB37: 10-24-2025-Fri 18-52-18-PM | DC37: 0.5 | DD37: 5.856 | DE37: -55.9989 | DF37: 14.64 | DG37: 10-24-2025-Fri 18-52-18-PM | DH37: 0.2 | DI37: 5.856 | DJ37: -56.997 | DK37: 36.6 | DL37: 10-24-2025-Fri 18-52-18-PM | DM37: 0.4 | DN37: 5.86 | DO37: -53.756 | DP37: 18.3125 | DQ37: 09-05-2025-Fri 20-21-43-PM | DR37: 0.3 | DS37: 5.904 | DT37: -68.4008 | DU37: 24.6 | DV37: 09-05-2025-Fri 20-21-43-PM | DW37: 0.5 | DX37: 5.912 | DY37: -67.033 | DZ37: 14.78 | EA37: 09-05-2025-Fri 20-21-43-PM | EB37: 0.1 | EC37: 5.912 | ED37: -66.9564 | EE37: 73.9 | EF37: 09-05-2025-Fri 20-21-43-PM | EG37: 0 | EH37: 5.912 | EI37: -65.401 | EJ37: inf | EK37: 09-27-2025-Sat 13-30-40-PM | EL37: 0 | EM37: 5.96 | EN37: -68.9258 | EO37: inf | EP37: 09-27-2025-Sat 13-30-40-PM | EQ37: -0.1 | ER37: 5.972 | ES37: -66.835 | ET37: -74.65 | EU37: 09-27-2025-Sat 13-30-40-PM | EV37: 0.3 | EW37: 5.96 | EX37: -67.4817 | EY37: 24.8333 | EZ37: 09-27-2025-Sat 13-30-40-PM | FA37: 0.2 | FB37: 5.964 | FC37: -66.332 | FD37: 37.275 | FE37: 09-27-2025-Sat 13-30-40-PM | FF37: 0.2 | FG37: 5.964 | FH37: -71.8116 | FI37: 37.275 | FJ37: 09-27-2025-Sat 13-30-40-PM | FK37: 0 | FL37: 5.968 | FM37: -68.409 | FN37: inf | FO37: 09-27-2025-Sat 13-30-40-PM | FP37: 0.2 | FQ37: 5.968 | FR37: -69.7132 | FS37: 37.3 | FT37: 09-27-2025-Sat 13-30-40-PM | FU37: -0.1 | FV37: 5.968 | FW37: -67.426 | FX37: -74.6 | FY37: 09-27-2025-Sat 13-30-40-PM | FZ37: 0.3 | GA37: 5.972 | GB37: -65.554 | GC37: 24.8833 | GD37: 09-27-2025-Sat 13-30-40-PM | GE37: 0.2 | GF37: 5.972 | GG37: -64.098 | GH37: 37.325 | GI37: 09-27-2025-Sat 13-30-40-PM | GJ37: -0.1 | GK37: 5.972 | GL37: -65.587 | GM37: -74.65 | GN37: 09-27-2025-Sat 13-30-40-PM | GO37: 0 | GP37: 5.972 | GQ37: -65.1826 | GR37: inf | GS37: 09-27-2025-Sat 13-30-40-PM | GT37: 0.3 | GU37: 5.964 | GV37: -67.758 | GW37: 24.85 | GX37: 09-27-2025-Sat 13-30-40-PM | GY37: 0.1 | GZ37: 5.976 | HA37: -63.7035 | HB37: 74.7 | HH37: 09-27-2025-Sat 13-30-40-PM | HI37: 0 | HJ37: 5.976 | HK37: -63.6378 | HL37: inf | HM37: 08-29-2025-Fri 15-47-31-PM | HN37: 0.4 | HO37: 5.888 | HP37: -80.5468 | HQ37: 18.4 | HR37: 08-29-2025-Fri 15-47-31-PM | HS37: 0 | HT37: 5.9 | HU37: -80.264 | HV37: inf | HW37: 08-29-2025-Fri 15-47-31-PM | HX37: 0.3 | HY37: 5.9 | HZ37: -79.9917 | IA37: 24.5833 | IB37: 08-29-2025-Fri 15-47-31-PM | IC37: 0.2 | ID37: 5.892 | IE37: -79.6 | IF37: 36.825 | IG37: 08-29-2025-Fri 15-47-31-PM | IH37: 0 | II37: 5.888 | IJ37: -79.3383 | IK37: inf | IL37: 08-29-2025-Fri 15-47-31-PM | IM37: 0 | IN37: 5.9 | IO37: -79.534 | IP37: inf | IQ37: 08-29-2025-Fri 15-47-31-PM | IR37: 0 | IS37: 5.888 | IT37: -80.8082 | IU37: inf | IV37: 08-29-2025-Fri 15-47-31-PM | IW37: -0.1 | IX37: 5.892 | IY37: -80.335 | IZ37: -73.65
A38: 10-24-2025-Fri 18-52-20-PM | B38: 0 | C38: 5.848 | D38: -59.3271 | E38: inf | F38: 10-24-2025-Fri 18-52-20-PM | G38: 0 | H38: 5.86 | I38: -57.184 | J38: inf | K38: 10-24-2025-Fri 18-52-20-PM | L38: -0.3 | M38: 5.848 | N38: -58.9978 | O38: -24.3667 | P38: 10-24-2025-Fri 18-52-20-PM | Q38: 0.2 | R38: 5.852 | S38: -58.224 | T38: 36.575 | U38: 10-24-2025-Fri 18-52-20-PM | V38: -0.1 | W38: 5.856 | X38: -61.3352 | Y38: -73.2 | Z38: 10-24-2025-Fri 18-52-20-PM | AA38: 0 | AB38: 5.856 | AC38: -58.139 | AD38: inf | AE38: 09-12-2025-Fri 12-31-05-PM | AF38: 0.1 | AG38: 5.948 | AH38: -53.4589 | AI38: 74.35 | AJ38: 09-12-2025-Fri 12-31-05-PM | AK38: 0.3 | AL38: 5.96 | AM38: -52.854 | AN38: 24.8333 | AO38: 09-12-2025-Fri 12-31-05-PM | AP38: -0.1 | AQ38: 5.952 | AR38: -53.492 | AS38: -74.4 | AT38: 09-12-2025-Fri 12-31-05-PM | AU38: 0.1 | AV38: 5.956 | AW38: -53.195 | AX38: 74.45 | AY38: 09-12-2025-Fri 12-31-05-PM | AZ38: 0.4 | BA38: 5.948 | BB38: -57.7459 | BC38: 18.5875 | BD38: 09-12-2025-Fri 12-31-05-PM | BE38: 0.4 | BF38: 5.96 | BG38: -54.899 | BH38: 18.625 | BI38: 09-12-2025-Fri 12-31-05-PM | BJ38: 0.5 | BK38: 5.956 | BL38: -54.3168 | BM38: 14.89 | BN38: 09-12-2025-Fri 12-31-05-PM | BO38: 0.1 | BP38: 5.952 | BQ38: -53.129 | BR38: 74.4 | BS38: 10-24-2025-Fri 18-52-20-PM | BT38: 0.2 | BU38: 5.852 | BV38: -63.4076 | BW38: 36.575 | BX38: 10-24-2025-Fri 18-52-20-PM | BY38: 0.1 | BZ38: 5.856 | CA38: -60.236 | CB38: 73.2 | CH38: 10-24-2025-Fri 18-52-20-PM | CI38: 0.3 | CJ38: 5.856 | CK38: -53.2279 | CL38: 24.4 | CM38: 10-24-2025-Fri 18-52-20-PM | CN38: 0.1 | CO38: 5.856 | CP38: -56.558 | CQ38: 73.2 | CR38: 10-24-2025-Fri 18-52-20-PM | CS38: 0.3 | CT38: 5.856 | CU38: -57.4494 | CV38: 24.4 | CW38: 10-24-2025-Fri 18-52-20-PM | CX38: -0.1 | CY38: 5.848 | CZ38: -59.687 | DA38: -73.1 | DB38: 10-24-2025-Fri 18-52-20-PM | DC38: 0.3 | DD38: 5.856 | DE38: -55.966 | DF38: 24.4 | DG38: 10-24-2025-Fri 18-52-20-PM | DH38: 0.3 | DI38: 5.86 | DJ38: -57.019 | DK38: 24.4167 | DL38: 10-24-2025-Fri 18-52-20-PM | DM38: 0.2 | DN38: 5.856 | DO38: -53.756 | DP38: 36.6 | DQ38: 09-05-2025-Fri 20-21-46-PM | DR38: 0.2 | DS38: 5.904 | DT38: -68.4335 | DU38: 36.9 | DV38: 09-05-2025-Fri 20-21-46-PM | DW38: 0.3 | DX38: 5.908 | DY38: -67.076 | DZ38: 24.6167 | EA38: 09-05-2025-Fri 20-21-46-PM | EB38: -0.1 | EC38: 5.912 | ED38: -66.9892 | EE38: -73.9 | EF38: 09-05-2025-Fri 20-21-46-PM | EG38: 0 | EH38: 5.908 | EI38: -65.456 | EJ38: inf | EK38: 09-27-2025-Sat 13-30-43-PM | EL38: -0.2 | EM38: 5.964 | EN38: -68.9587 | EO38: -37.275 | EP38: 09-27-2025-Sat 13-30-43-PM | EQ38: 0.2 | ER38: 5.972 | ES38: -66.879 | ET38: 37.325 | EU38: 09-27-2025-Sat 13-30-43-PM | EV38: 0 | EW38: 5.96 | EX38: -67.5474 | EY38: inf | EZ38: 09-27-2025-Sat 13-30-43-PM | FA38: 0.1 | FB38: 5.964 | FC38: -66.414 | FD38: 74.55 | FE38: 09-27-2025-Sat 13-30-43-PM | FF38: 0.2 | FG38: 5.96 | FH38: -71.8771 | FI38: 37.25 | FJ38: 09-27-2025-Sat 13-30-43-PM | FK38: -0.1 | FL38: 5.968 | FM38: -68.409 | FN38: -74.6 | FO38: 09-27-2025-Sat 13-30-43-PM | FP38: -0.1 | FQ38: 5.972 | FR38: -69.7132 | FS38: -74.65 | FT38: 09-27-2025-Sat 13-30-43-PM | FU38: 0.2 | FV38: 5.972 | FW38: -67.437 | FX38: 37.325 | FY38: 09-27-2025-Sat 13-30-43-PM | FZ38: 0.4 | GA38: 5.976 | GB38: -65.576 | GC38: 18.675 | GD38: 09-27-2025-Sat 13-30-43-PM | GE38: 0.1 | GF38: 5.972 | GG38: -64.1309 | GH38: 74.65 | GI38: 09-27-2025-Sat 13-30-43-PM | GJ38: 0.1 | GK38: 5.976 | GL38: -65.653 | GM38: 74.7 | GN38: 09-27-2025-Sat 13-30-43-PM | GO38: 0.4 | GP38: 5.972 | GQ38: -65.2812 | GR38: 18.6625 | GS38: 09-27-2025-Sat 13-30-43-PM | GT38: -0.3 | GU38: 5.968 | GV38: -67.757 | GW38: -24.8667 | GX38: 09-27-2025-Sat 13-30-43-PM | GY38: 0.2 | GZ38: 5.972 | HA38: -63.6378 | HB38: 37.325 | HH38: 09-27-2025-Sat 13-30-43-PM | HI38: 0 | HJ38: 5.976 | HK38: -63.6378 | HL38: inf | HM38: 08-29-2025-Fri 15-47-34-PM | HN38: 0.3 | HO38: 5.888 | HP38: -80.5143 | HQ38: 24.5333 | HR38: 08-29-2025-Fri 15-47-34-PM | HS38: -0.1 | HT38: 5.896 | HU38: -80.296 | HV38: -73.7 | HW38: 08-29-2025-Fri 15-47-34-PM | HX38: 0.2 | HY38: 5.896 | HZ38: -79.9917 | IA38: 36.85 | IB38: 08-29-2025-Fri 15-47-34-PM | IC38: 0.2 | ID38: 5.892 | IE38: -79.632 | IF38: 36.825 | IG38: 08-29-2025-Fri 15-47-34-PM | IH38: 0 | II38: 5.888 | IJ38: -79.3383 | IK38: inf | IL38: 08-29-2025-Fri 15-47-34-PM | IM38: 0 | IN38: 5.9 | IO38: -79.556 | IP38: inf | IQ38: 08-29-2025-Fri 15-47-34-PM | IR38: 0.1 | IS38: 5.888 | IT38: -80.8734 | IU38: 73.6 | IV38: 08-29-2025-Fri 15-47-34-PM | IW38: 0.1 | IX38: 5.892 | IY38: -80.367 | IZ38: 73.65
A39: 10-24-2025-Fri 18-52-27-PM | B39: 0.1 | C39: 5.848 | D39: -59.5576 | E39: 73.1 | F39: 10-24-2025-Fri 18-52-27-PM | G39: 0 | H39: 5.86 | I39: -57.393 | J39: inf | K39: 10-24-2025-Fri 18-52-27-PM | L39: 0.2 | M39: 5.852 | N39: -59.1954 | O39: 36.575 | P39: 10-24-2025-Fri 18-52-27-PM | Q39: 0 | R39: 5.852 | S39: -58.421 | T39: inf | U39: 10-24-2025-Fri 18-52-27-PM | V39: -0.1 | W39: 5.86 | X39: -61.5326 | Y39: -73.25 | Z39: 10-24-2025-Fri 18-52-27-PM | AA39: 0.2 | AB39: 5.856 | AC39: -58.381 | AD39: 36.6 | AE39: 09-12-2025-Fri 12-31-07-PM | AF39: -0.2 | AG39: 5.948 | AH39: -53.492 | AI39: -37.175 | AJ39: 09-12-2025-Fri 12-31-07-PM | AK39: 0.2 | AL39: 5.964 | AM39: -52.898 | AN39: 37.275 | AO39: 09-12-2025-Fri 12-31-07-PM | AP39: 0.1 | AQ39: 5.952 | AR39: -53.558 | AS39: 74.4 | AT39: 09-12-2025-Fri 12-31-07-PM | AU39: 0.3 | AV39: 5.956 | AW39: -53.261 | AX39: 24.8167 | AY39: 09-12-2025-Fri 12-31-07-PM | AZ39: 0.2 | BA39: 5.952 | BB39: -57.8448 | BC39: 37.2 | BD39: 09-12-2025-Fri 12-31-07-PM | BE39: 0.3 | BF39: 5.956 | BG39: -54.965 | BH39: 24.8167 | BI39: 09-12-2025-Fri 12-31-07-PM | BJ39: -0.2 | BK39: 5.956 | BL39: -54.3168 | BM39: -37.225 | BN39: 09-12-2025-Fri 12-31-07-PM | BO39: 0.2 | BP39: 5.96 | BQ39: -53.14 | BR39: 37.25 | BS39: 10-24-2025-Fri 18-52-27-PM | BT39: 0.4 | BU39: 5.848 | BV39: -63.6049 | BW39: 18.275 | BX39: 10-24-2025-Fri 18-52-27-PM | BY39: 0.3 | BZ39: 5.856 | CA39: -60.445 | CB39: 24.4 | CH39: 10-24-2025-Fri 18-52-27-PM | CI39: 0.3 | CJ39: 5.856 | CK39: -53.4259 | CL39: 24.4 | CM39: 10-24-2025-Fri 18-52-27-PM | CN39: 0.2 | CO39: 5.86 | CP39: -56.756 | CQ39: 36.625 | CR39: 10-24-2025-Fri 18-52-27-PM | CS39: 0.1 | CT39: 5.856 | CU39: -57.6471 | CV39: 73.2 | CW39: 10-24-2025-Fri 18-52-27-PM | CX39: 0.6 | CY39: 5.848 | CZ39: -59.901 | DA39: 12.1833 | DB39: 10-24-2025-Fri 18-52-27-PM | DC39: 0.5 | DD39: 5.852 | DE39: -56.1968 | DF39: 14.63 | DG39: 10-24-2025-Fri 18-52-27-PM | DH39: 0.5 | DI39: 5.856 | DJ39: -57.261 | DK39: 14.64 | DL39: 10-24-2025-Fri 18-52-27-PM | DM39: 0.2 | DN39: 5.86 | DO39: -54.0529 | DP39: 36.625 | DQ39: 09-05-2025-Fri 20-22-43-PM | DR39: 0.4 | DS39: 5.904 | DT39: -69.6804 | DU39: 18.45 | DV39: 09-05-2025-Fri 20-22-43-PM | DW39: 0.2 | DX39: 5.912 | DY39: -67.985 | DZ39: 36.95 | EA39: 09-05-2025-Fri 20-22-43-PM | EB39: 0 | EC39: 5.912 | ED39: -68.0069 | EE39: inf | EF39: 09-05-2025-Fri 20-22-43-PM | EG39: 0.2 | EH39: 5.912 | EI39: -66.19 | EJ39: 36.95 | EK39: 09-27-2025-Sat 13-30-45-PM | EL39: 0.3 | EM39: 5.96 | EN39: -69.0571 | EO39: 24.8333 | EP39: 09-27-2025-Sat 13-30-45-PM | EQ39: -0.1 | ER39: 5.972 | ES39: -66.956 | ET39: -74.65 | EU39: 09-27-2025-Sat 13-30-45-PM | EV39: -0.1 | EW39: 5.96 | EX39: -67.613 | EY39: -74.5 | EZ39: 09-27-2025-Sat 13-30-45-PM | FA39: -0.2 | FB39: 5.968 | FC39: -66.463 | FD39: -37.3 | FE39: 09-27-2025-Sat 13-30-45-PM | FF39: 0.3 | FG39: 5.964 | FH39: -71.9755 | FI39: 24.85 | FJ39: 09-27-2025-Sat 13-30-45-PM | FK39: 0.1 | FL39: 5.972 | FM39: -68.519 | FN39: 74.65 | FO39: 09-27-2025-Sat 13-30-45-PM | FP39: 0 | FQ39: 5.972 | FR39: -69.8116 | FS39: inf | FT39: 09-27-2025-Sat 13-30-45-PM | FU39: -0.1 | FV39: 5.968 | FW39: -67.502 | FX39: -74.6 | FY39: 09-27-2025-Sat 13-30-45-PM | FZ39: 0 | GA39: 5.972 | GB39: -65.631 | GC39: inf | GD39: 09-27-2025-Sat 13-30-45-PM | GE39: 0.3 | GF39: 5.968 | GG39: -64.1967 | GH39: 24.8667 | GI39: 09-27-2025-Sat 13-30-45-PM | GJ39: 0 | GK39: 5.972 | GL39: -65.708 | GM39: inf | GN39: 09-27-2025-Sat 13-30-45-PM | GO39: 0.3 | GP39: 5.972 | GQ39: -65.3139 | GR39: 24.8833 | GS39: 09-27-2025-Sat 13-30-45-PM | GT39: 0.1 | GU39: 5.964 | GV39: -67.872 | GW39: 74.55 | GX39: 09-27-2025-Sat 13-30-45-PM | GY39: 0.1 | GZ39: 5.972 | HA39: -63.7693 | HB39: 74.65 | HH39: 09-27-2025-Sat 13-30-45-PM | HI39: 0.2 | HJ39: 5.976 | HK39: -63.6378 | HL39: 37.35 | HM39: 08-29-2025-Fri 15-47-36-PM | HN39: -0.1 | HO39: 5.888 | HP39: -80.5468 | HQ39: -73.6 | HR39: 08-29-2025-Fri 15-47-36-PM | HS39: -0.1 | HT39: 5.896 | HU39: -80.296 | HV39: -73.7 | HW39: 08-29-2025-Fri 15-47-36-PM | HX39: 0 | HY39: 5.9 | HZ39: -80.0243 | IA39: inf | IB39: 08-29-2025-Fri 15-47-36-PM | IC39: 0.1 | ID39: 5.892 | IE39: -79.654 | IF39: 73.65 | IG39: 08-29-2025-Fri 15-47-36-PM | IH39: 0.1 | II39: 5.884 | IJ39: -79.3709 | IK39: 73.55 | IL39: 08-29-2025-Fri 15-47-36-PM | IM39: 0.1 | IN39: 5.9 | IO39: -79.589 | IP39: 73.75 | IQ39: 08-29-2025-Fri 15-47-36-PM | IR39: -0.1 | IS39: 5.888 | IT39: -80.9061 | IU39: -73.6 | IV39: 08-29-2025-Fri 15-47-36-PM | IW39: 0 | IX39: 5.892 | IY39: -80.4 | IZ39: inf
A40: 10-24-2025-Fri 18-52-30-PM | B40: -0.2 | C40: 5.844 | D40: -59.5906 | E40: -36.525 | F40: 10-24-2025-Fri 18-52-30-PM | G40: -0.1 | H40: 5.864 | I40: -57.459 | J40: -73.3 | K40: 10-24-2025-Fri 18-52-30-PM | L40: 0 | M40: 5.848 | N40: -59.2613 | O40: inf | P40: 10-24-2025-Fri 18-52-30-PM | Q40: 0.1 | R40: 5.856 | S40: -58.471 | T40: 73.2 | U40: 10-24-2025-Fri 18-52-30-PM | V40: -0.1 | W40: 5.856 | X40: -61.5656 | Y40: -73.2 | Z40: 10-24-2025-Fri 18-52-30-PM | AA40: 0 | AB40: 5.856 | AC40: -58.414 | AD40: inf | AE40: 09-12-2025-Fri 12-31-10-PM | AF40: 0.2 | AG40: 5.948 | AH40: -53.525 | AI40: 37.175 | AJ40: 09-12-2025-Fri 12-31-10-PM | AK40: 0.1 | AL40: 5.964 | AM40: -52.931 | AN40: 74.55 | AO40: 09-12-2025-Fri 12-31-10-PM | AP40: 0.3 | AQ40: 5.948 | AR40: -53.5909 | AS40: 24.7833 | AT40: 09-12-2025-Fri 12-31-10-PM | AU40: 0.4 | AV40: 5.952 | AW40: -53.294 | AX40: 18.6 | AY40: 09-12-2025-Fri 12-31-10-PM | AZ40: 0.3 | BA40: 5.948 | BB40: -57.8778 | BC40: 24.7833 | BD40: 09-12-2025-Fri 12-31-10-PM | BE40: 0.3 | BF40: 5.956 | BG40: -55.031 | BH40: 24.8167 | BI40: 09-12-2025-Fri 12-31-10-PM | BJ40: 0.1 | BK40: 5.96 | BL40: -54.4158 | BM40: 74.5 | BN40: 09-12-2025-Fri 12-31-10-PM | BO40: 0.3 | BP40: 5.952 | BQ40: -53.184 | BR40: 24.8 | BS40: 10-24-2025-Fri 18-52-30-PM | BT40: 0.4 | BU40: 5.848 | BV40: -63.7035 | BW40: 18.275 | BX40: 10-24-2025-Fri 18-52-30-PM | BY40: 0.2 | BZ40: 5.856 | CA40: -60.511 | CB40: 36.6 | CH40: 10-24-2025-Fri 18-52-30-PM | CI40: 0.4 | CJ40: 5.856 | CK40: -53.525 | CL40: 18.3 | CM40: 10-24-2025-Fri 18-52-30-PM | CN40: 0.3 | CO40: 5.86 | CP40: -56.822 | CQ40: 24.4167 | CR40: 10-24-2025-Fri 18-52-30-PM | CS40: 0 | CT40: 5.856 | CU40: -57.68 | CV40: inf | CW40: 10-24-2025-Fri 18-52-30-PM | CX40: 0.3 | CY40: 5.848 | CZ40: -59.983 | DA40: 24.3667 | DB40: 10-24-2025-Fri 18-52-30-PM | DC40: 0.5 | DD40: 5.856 | DE40: -56.2626 | DF40: 14.64 | DG40: 10-24-2025-Fri 18-52-30-PM | DH40: 0.3 | DI40: 5.856 | DJ40: -57.305 | DK40: 24.4 | DL40: 10-24-2025-Fri 18-52-30-PM | DM40: 0.3 | DN40: 5.86 | DO40: -54.0859 | DP40: 24.4167 | DQ40: 09-05-2025-Fri 20-22-45-PM | DR40: 0.3 | DS40: 5.904 | DT40: -69.7459 | DU40: 24.6 | DV40: 09-05-2025-Fri 20-22-45-PM | DW40: 0.1 | DX40: 5.912 | DY40: -68.039 | DZ40: 73.9 | EA40: 09-05-2025-Fri 20-22-45-PM | EB40: 0.1 | EC40: 5.912 | ED40: -68.0726 | EE40: 73.9 | EF40: 09-05-2025-Fri 20-22-45-PM | EG40: -0.1 | EH40: 5.908 | EI40: -66.244 | EJ40: -73.85 | EK40: 09-27-2025-Sat 13-32-04-PM | EL40: 0 | EM40: 5.956 | EN40: -70.9922 | EO40: inf | EP40: 09-27-2025-Sat 13-32-04-PM | EQ40: 0.2 | ER40: 5.972 | ES40: -68.881 | ET40: 37.325 | EU40: 09-27-2025-Sat 13-32-04-PM | EV40: -0.1 | EW40: 5.96 | EX40: -69.5164 | EY40: -74.5 | EZ40: 09-27-2025-Sat 13-32-04-PM | FA40: 0.2 | FB40: 5.964 | FC40: -68.351 | FD40: 37.275 | FE40: 09-27-2025-Sat 13-32-04-PM | FF40: 0.2 | FG40: 5.964 | FH40: -73.941 | FI40: 37.275 | FJ40: 09-27-2025-Sat 13-32-04-PM | FK40: 0.1 | FL40: 5.968 | FM40: -70.432 | FN40: 74.6 | FO40: 09-27-2025-Sat 13-32-04-PM | FP40: 0.1 | FQ40: 5.972 | FR40: -71.7132 | FS40: 74.65 | FT40: 09-27-2025-Sat 13-32-04-PM | FU40: -0.1 | FV40: 5.968 | FW40: -69.471 | FX40: -74.6 | FY40: 09-27-2025-Sat 13-32-04-PM | FZ40: 0.1 | GA40: 5.972 | GB40: -67.612 | GC40: 74.65 | GD40: 09-27-2025-Sat 13-32-04-PM | GE40: 0 | GF40: 5.972 | GG40: -66.1353 | GH40: inf | GI40: 09-27-2025-Sat 13-32-04-PM | GJ40: 0.1 | GK40: 5.972 | GL40: -67.613 | GM40: 74.65 | GN40: 09-27-2025-Sat 13-32-04-PM | GO40: 0.1 | GP40: 5.972 | GQ40: -67.1863 | GR40: 74.65 | GS40: 09-27-2025-Sat 13-32-04-PM | GT40: 0.2 | GU40: 5.964 | GV40: -69.792 | GW40: 37.275 | GX40: 09-27-2025-Sat 13-32-04-PM | GY40: 0.3 | GZ40: 5.968 | HA40: -65.6425 | HB40: 24.8667 | HH40: 09-27-2025-Sat 13-32-04-PM | HI40: 0.1 | HJ40: 5.972 | HK40: -65.7083 | HL40: 74.65 | HM40: 08-29-2025-Fri 15-49-15-PM | HN40: 0.1 | HO40: 5.884 | HP40: -81.2653 | HQ40: 73.55 | HR40: 08-29-2025-Fri 15-49-15-PM | HS40: 0 | HT40: 5.892 | HU40: -81.026 | HV40: inf | HW40: 08-29-2025-Fri 15-49-15-PM | HX40: -0.2 | HY40: 5.896 | HZ40: -80.7428 | IA40: -36.85 | IB40: 08-29-2025-Fri 15-49-15-PM | IC40: 0 | ID40: 5.892 | IE40: -80.395 | IF40: inf | IG40: 08-29-2025-Fri 15-49-15-PM | IH40: 0 | II40: 5.888 | IJ40: -80.155 | IK40: inf | IL40: 08-29-2025-Fri 15-49-15-PM | IM40: 0.3 | IN40: 5.896 | IO40: -80.307 | IP40: 24.5667 | IQ40: 08-29-2025-Fri 15-49-15-PM | IR40: 0.1 | IS40: 5.884 | IT40: -81.5263 | IU40: 73.55 | IV40: 08-29-2025-Fri 15-49-15-PM | IW40: 0 | IX40: 5.892 | IY40: -81.053 | IZ40: inf
A41: 10-24-2025-Fri 18-52-32-PM | B41: -0.3 | C41: 5.844 | D41: -59.6564 | E41: -24.35 | F41: 10-24-2025-Fri 18-52-32-PM | G41: 0.2 | H41: 5.86 | I41: -57.503 | J41: 36.625 | K41: 10-24-2025-Fri 18-52-32-PM | L41: 0 | M41: 5.848 | N41: -59.2942 | O41: inf | P41: 10-24-2025-Fri 18-52-32-PM | Q41: 0.1 | R41: 5.856 | S41: -58.52 | T41: 73.2 | U41: 10-24-2025-Fri 18-52-32-PM | V41: -0.2 | W41: 5.86 | X41: -61.6643 | Y41: -36.625 | Z41: 10-24-2025-Fri 18-52-32-PM | AA41: 0.1 | AB41: 5.856 | AC41: -58.48 | AD41: 73.2 | AE41: 09-12-2025-Fri 12-31-50-PM | AF41: 0 | AG41: 5.944 | AH41: -54.2509 | AI41: inf | AJ41: 09-12-2025-Fri 12-31-50-PM | AK41: 0.3 | AL41: 5.96 | AM41: -53.613 | AN41: 24.8333 | AO41: 09-12-2025-Fri 12-31-50-PM | AP41: 0.2 | AQ41: 5.948 | AR41: -54.3168 | AS41: 37.175 | AT41: 09-12-2025-Fri 12-31-50-PM | AU41: 0.1 | AV41: 5.948 | AW41: -54.02 | AX41: 74.35 | AY41: 09-12-2025-Fri 12-31-50-PM | AZ41: 0.2 | BA41: 5.948 | BB41: -58.7342 | BC41: 37.175 | BD41: 09-12-2025-Fri 12-31-50-PM | BE41: 0.1 | BF41: 5.956 | BG41: -55.789 | BH41: 74.45 | BI41: 09-12-2025-Fri 12-31-50-PM | BJ41: 0.2 | BK41: 5.956 | BL41: -55.2405 | BM41: 37.225 | BN41: 09-12-2025-Fri 12-31-50-PM | BO41: 0.1 | BP41: 5.952 | BQ41: -53.921 | BR41: 74.4 | BS41: 10-24-2025-Fri 18-52-32-PM | BT41: 0.3 | BU41: 5.848 | BV41: -63.7364 | BW41: 24.3667 | BX41: 10-24-2025-Fri 18-52-32-PM | BY41: 0 | BZ41: 5.856 | CA41: -60.532 | CB41: inf | CH41: 10-24-2025-Fri 18-52-32-PM | CI41: 0.3 | CJ41: 5.856 | CK41: -53.558 | CL41: 24.4 | CM41: 10-24-2025-Fri 18-52-32-PM | CN41: 0.1 | CO41: 5.86 | CP41: -56.866 | CQ41: 73.25 | CR41: 10-24-2025-Fri 18-52-32-PM | CS41: 0.2 | CT41: 5.86 | CU41: -57.7459 | CV41: 36.625 | CW41: 10-24-2025-Fri 18-52-32-PM | CX41: 0.3 | CY41: 5.856 | CZ41: -59.967 | DA41: 24.4 | DB41: 10-24-2025-Fri 18-52-32-PM | DC41: 0.1 | DD41: 5.856 | DE41: -56.1968 | DF41: 73.2 | DG41: 10-24-2025-Fri 18-52-32-PM | DH41: 0.3 | DI41: 5.856 | DJ41: -57.327 | DK41: 24.4 | DL41: 10-24-2025-Fri 18-52-32-PM | DM41: 0.2 | DN41: 5.86 | DO41: -54.1189 | DP41: 36.625 | DQ41: 09-05-2025-Fri 20-22-48-PM | DR41: 0.3 | DS41: 5.904 | DT41: -69.8116 | DU41: 24.6 | DV41: 09-05-2025-Fri 20-22-48-PM | DW41: 0.2 | DX41: 5.908 | DY41: -68.094 | DZ41: 36.925 | EA41: 09-05-2025-Fri 20-22-48-PM | EB41: -0.1 | EC41: 5.912 | ED41: -68.1053 | EE41: -73.9 | EF41: 09-05-2025-Fri 20-22-48-PM | EG41: 0.1 | EH41: 5.908 | EI41: -66.288 | EJ41: 73.85 | EK41: 09-27-2025-Sat 13-32-06-PM | EL41: -0.2 | EM41: 5.96 | EN41: -71.0576 | EO41: -37.25 | EP41: 09-27-2025-Sat 13-32-06-PM | EQ41: 0 | ER41: 5.972 | ES41: -68.947 | ET41: inf | EU41: 09-27-2025-Sat 13-32-06-PM | EV41: -0.1 | EW41: 5.96 | EX41: -69.5819 | EY41: -74.5 | EZ41: 09-27-2025-Sat 13-32-06-PM | FA41: 0.2 | FB41: 5.968 | FC41: -68.433 | FD41: 37.3 | FE41: 09-27-2025-Sat 13-32-06-PM | FF41: 0 | FG41: 5.96 | FH41: -74.0064 | FI41: inf | FJ41: 09-27-2025-Sat 13-32-06-PM | FK41: 0.1 | FL41: 5.968 | FM41: -70.487 | FN41: 74.6 | FO41: 09-27-2025-Sat 13-32-06-PM | FP41: -0.1 | FQ41: 5.968 | FR41: -71.7789 | FS41: -74.6 | FT41: 09-27-2025-Sat 13-32-06-PM | FU41: -0.1 | FV41: 5.964 | FW41: -69.482 | FX41: -74.55 | FY41: 09-27-2025-Sat 13-32-06-PM | FZ41: -0.1 | GA41: 5.972 | GB41: -67.623 | GC41: -74.65 | GD41: 09-27-2025-Sat 13-32-06-PM | GE41: 0.2 | GF41: 5.972 | GG41: -66.201 | GH41: 37.325 | GI41: 09-27-2025-Sat 13-32-06-PM | GJ41: 0.1 | GK41: 5.972 | GL41: -67.689 | GM41: 74.65 | GN41: 09-27-2025-Sat 13-32-06-PM | GO41: 0.4 | GP41: 5.972 | GQ41: -67.2847 | GR41: 18.6625 | GS41: 09-27-2025-Sat 13-32-06-PM | GT41: 0.3 | GU41: 5.964 | GV41: -69.841 | GW41: 24.85 | GX41: 09-27-2025-Sat 13-32-06-PM | GY41: 0.2 | GZ41: 5.972 | HA41: -65.6754 | HB41: 37.325 | HC41: 09-27-2025-Sat 13-32-06-PM | HD41: 0.1 | HE41: 5.976 | HF41: -67.688 | HG41: 74.7 | HH41: 09-27-2025-Sat 13-32-06-PM | HI41: 0.1 | HJ41: 5.976 | HK41: -65.6098 | HL41: 74.7 | HM41: 08-29-2025-Fri 15-49-19-PM | HN41: 0.1 | HO41: 5.888 | HP41: -81.2326 | HQ41: 73.6 | HR41: 08-29-2025-Fri 15-49-19-PM | HS41: 0.1 | HT41: 5.896 | HU41: -81.037 | HV41: 73.7 | HW41: 08-29-2025-Fri 15-49-19-PM | HX41: 0 | HY41: 5.896 | HZ41: -80.7755 | IA41: inf | IB41: 08-29-2025-Fri 15-49-19-PM | IC41: -0.3 | ID41: 5.896 | IE41: -80.427 | IF41: -24.5667 | IG41: 08-29-2025-Fri 15-49-19-PM | IH41: -0.2 | II41: 5.888 | IJ41: -80.1877 | IK41: -36.8 | IL41: 08-29-2025-Fri 15-49-19-PM | IM41: 0.2 | IN41: 5.9 | IO41: -80.318 | IP41: 36.875 | IQ41: 08-29-2025-Fri 15-49-19-PM | IR41: -0.1 | IS41: 5.888 | IT41: -81.5263 | IU41: -73.6 | IV41: 08-29-2025-Fri 15-49-19-PM | IW41: 0.2 | IX41: 5.892 | IY41: -81.069 | IZ41: 36.825
A42: 10-24-2025-Fri 18-52-34-PM | B42: -0.2 | C42: 5.848 | D42: -59.7222 | E42: -36.55 | F42: 10-24-2025-Fri 18-52-34-PM | G42: 0.1 | H42: 5.86 | I42: -57.569 | J42: 73.25 | K42: 10-24-2025-Fri 18-52-34-PM | L42: 0.2 | M42: 5.844 | N42: -59.3601 | O42: 36.525 | P42: 10-24-2025-Fri 18-52-34-PM | Q42: 0.2 | R42: 5.852 | S42: -58.586 | T42: 36.575 | U42: 10-24-2025-Fri 18-52-34-PM | V42: -0.2 | W42: 5.86 | X42: -61.6971 | Y42: -36.625 | Z42: 10-24-2025-Fri 18-52-34-PM | AA42: -0.1 | AB42: 5.856 | AC42: -58.535 | AD42: -73.2 | AE42: 09-12-2025-Fri 12-31-53-PM | AF42: 0.2 | AG42: 5.948 | AH42: -54.2838 | AI42: 37.175 | AJ42: 09-12-2025-Fri 12-31-53-PM | AK42: 0.3 | AL42: 5.956 | AM42: -53.657 | AN42: 24.8167 | AO42: 09-12-2025-Fri 12-31-53-PM | AP42: 0.1 | AQ42: 5.944 | AR42: -54.3828 | AS42: 74.3 | AT42: 09-12-2025-Fri 12-31-53-PM | AU42: 0.1 | AV42: 5.952 | AW42: -54.086 | AX42: 74.4 | AY42: 09-12-2025-Fri 12-31-53-PM | AZ42: 0.3 | BA42: 5.948 | BB42: -58.7672 | BC42: 24.7833 | BD42: 09-12-2025-Fri 12-31-53-PM | BE42: 0.4 | BF42: 5.952 | BG42: -55.855 | BH42: 18.6 | BI42: 09-12-2025-Fri 12-31-53-PM | BJ42: 0.4 | BK42: 5.956 | BL42: -55.2734 | BM42: 18.6125 | BN42: 09-12-2025-Fri 12-31-53-PM | BO42: 0.3 | BP42: 5.952 | BQ42: -53.965 | BR42: 24.8 | BS42: 10-24-2025-Fri 18-52-34-PM | BT42: 0.4 | BU42: 5.852 | BV42: -63.835 | BW42: 18.2875 | BX42: 10-24-2025-Fri 18-52-34-PM | BY42: 0.1 | BZ42: 5.856 | CA42: -60.642 | CB42: 73.2 | CH42: 10-24-2025-Fri 18-52-34-PM | CI42: 0.3 | CJ42: 5.856 | CK42: -53.6239 | CL42: 24.4 | CM42: 10-24-2025-Fri 18-52-34-PM | CN42: 0.1 | CO42: 5.86 | CP42: -56.932 | CQ42: 73.25 | CR42: 10-24-2025-Fri 18-52-34-PM | CS42: 0.2 | CT42: 5.856 | CU42: -57.8119 | CV42: 36.6 | CW42: 10-24-2025-Fri 18-52-34-PM | CX42: 0.1 | CY42: 5.852 | CZ42: -60.115 | DA42: 73.15 | DB42: 10-24-2025-Fri 18-52-34-PM | DC42: 0 | DD42: 5.856 | DE42: -56.3946 | DF42: inf | DG42: 10-24-2025-Fri 18-52-34-PM | DH42: 0.2 | DI42: 5.856 | DJ42: -57.426 | DK42: 36.6 | DL42: 10-24-2025-Fri 18-52-34-PM | DM42: 0 | DN42: 5.86 | DO42: -54.1849 | DP42: inf | DQ42: 09-05-2025-Fri 20-22-50-PM | DR42: -0.1 | DS42: 5.904 | DT42: -69.9099 | DU42: -73.8 | DV42: 09-05-2025-Fri 20-22-50-PM | DW42: 0.3 | DX42: 5.908 | DY42: -68.171 | DZ42: 24.6167 | EA42: 09-05-2025-Fri 20-22-50-PM | EB42: -0.1 | EC42: 5.912 | ED42: -68.1711 | EE42: -73.9 | EF42: 09-05-2025-Fri 20-22-50-PM | EG42: -0.1 | EH42: 5.908 | EI42: -66.332 | EJ42: -73.85 | EK42: 09-27-2025-Sat 13-32-08-PM | EL42: -0.1 | EM42: 5.96 | EN42: -71.0905 | EO42: -74.5 | EP42: 09-27-2025-Sat 13-32-08-PM | EQ42: 0 | ER42: 5.972 | ES42: -68.991 | ET42: inf | EU42: 09-27-2025-Sat 13-32-08-PM | EV42: 0.2 | EW42: 5.964 | EX42: -69.6476 | EY42: 37.275 | EZ42: 09-27-2025-Sat 13-32-08-PM | FA42: 0 | FB42: 5.964 | FC42: -68.466 | FD42: inf | FE42: 09-27-2025-Sat 13-32-08-PM | FF42: 0.2 | FG42: 5.96 | FH42: -74.072 | FI42: 37.25 | FJ42: 09-27-2025-Sat 13-32-08-PM | FK42: 0.1 | FL42: 5.968 | FM42: -70.563 | FN42: 74.6 | FO42: 09-27-2025-Sat 13-32-08-PM | FP42: 0 | FQ42: 5.972 | FR42: -71.8444 | FS42: inf | FT42: 09-27-2025-Sat 13-32-08-PM | FU42: 0 | FV42: 5.968 | FW42: -69.537 | FX42: inf | FY42: 09-27-2025-Sat 13-32-08-PM | FZ42: 0.1 | GA42: 5.976 | GB42: -67.667 | GC42: 74.7 | GD42: 09-27-2025-Sat 13-32-08-PM | GE42: 0.2 | GF42: 5.976 | GG42: -66.2339 | GH42: 37.35 | GI42: 09-27-2025-Sat 13-32-08-PM | GJ42: 0 | GK42: 5.972 | GL42: -67.722 | GM42: inf | GN42: 09-27-2025-Sat 13-32-08-PM | GO42: 0.4 | GP42: 5.972 | GQ42: -67.2847 | GR42: 18.6625 | GS42: 09-27-2025-Sat 13-32-08-PM | GT42: 0.4 | GU42: 5.964 | GV42: -69.923 | GW42: 18.6375 | GX42: 09-27-2025-Sat 13-32-08-PM | GY42: 0.1 | GZ42: 5.968 | HA42: -65.774 | HB42: 74.6 | HC42: 09-27-2025-Sat 13-32-08-PM | HD42: 0.1 | HE42: 5.972 | HF42: -67.765 | HG42: 74.65 | HH42: 09-27-2025-Sat 13-32-08-PM | HI42: 0.1 | HJ42: 5.976 | HK42: -65.6754 | HL42: 74.7 | HM42: 08-29-2025-Fri 15-49-22-PM | HN42: 0.3 | HO42: 5.888 | HP42: -81.2979 | HQ42: 24.5333 | HR42: 08-29-2025-Fri 15-49-22-PM | HS42: 0 | HT42: 5.896 | HU42: -81.058 | HV42: inf | HW42: 08-29-2025-Fri 15-49-22-PM | HX42: 0 | HY42: 5.896 | HZ42: -80.8082 | IA42: inf | IB42: 08-29-2025-Fri 15-49-22-PM | IC42: 0 | ID42: 5.892 | IE42: -80.449 | IF42: inf | IG42: 08-29-2025-Fri 15-49-22-PM | IH42: 0 | II42: 5.888 | IJ42: -80.2202 | IK42: inf | IL42: 08-29-2025-Fri 15-49-22-PM | IM42: -0.1 | IN42: 5.9 | IO42: -80.351 | IP42: -73.75 | IQ42: 08-29-2025-Fri 15-49-22-PM | IR42: 0.1 | IS42: 5.884 | IT42: -81.5591 | IU42: 73.55 | IV42: 08-29-2025-Fri 15-49-22-PM | IW42: 0 | IX42: 5.892 | IY42: -81.086 | IZ42: inf
A43: 10-24-2025-Fri 18-52-37-PM | B43: -0.2 | C43: 5.844 | D43: -59.7882 | E43: -36.525 | F43: 10-24-2025-Fri 18-52-37-PM | G43: 0.3 | H43: 5.86 | I43: -57.635 | J43: 24.4167 | K43: 10-24-2025-Fri 18-52-37-PM | L43: 0.2 | M43: 5.848 | N43: -59.4589 | O43: 36.55 | P43: 10-24-2025-Fri 18-52-37-PM | Q43: 0.1 | R43: 5.852 | S43: -58.668 | T43: 73.15 | U43: 10-24-2025-Fri 18-52-37-PM | V43: 0.3 | W43: 5.86 | X43: -61.763 | Y43: 24.4167 | Z43: 10-24-2025-Fri 18-52-37-PM | AA43: 0 | AB43: 5.86 | AC43: -58.601 | AD43: inf | AE43: 09-12-2025-Fri 12-31-55-PM | AF43: 0.2 | AG43: 5.948 | AH43: -54.3499 | AI43: 37.175 | AJ43: 09-12-2025-Fri 12-31-55-PM | AK43: 0.1 | AL43: 5.96 | AM43: -53.723 | AN43: 74.5 | AO43: 09-12-2025-Fri 12-31-55-PM | AP43: 0.3 | AQ43: 5.948 | AR43: -54.4488 | AS43: 24.7833 | AT43: 09-12-2025-Fri 12-31-55-PM | AU43: 0.1 | AV43: 5.952 | AW43: -54.135 | AX43: 74.4 | AY43: 09-12-2025-Fri 12-31-55-PM | AZ43: 0.1 | BA43: 5.948 | BB43: -58.8002 | BC43: 74.35 | BD43: 09-12-2025-Fri 12-31-55-PM | BE43: 0.4 | BF43: 5.952 | BG43: -55.877 | BH43: 18.6 | BI43: 09-12-2025-Fri 12-31-55-PM | BJ43: 0.2 | BK43: 5.952 | BL43: -55.3065 | BM43: 37.2 | BN43: 09-12-2025-Fri 12-31-55-PM | BO43: -0.1 | BP43: 5.952 | BQ43: -53.998 | BR43: -74.4 | BS43: 10-24-2025-Fri 18-52-37-PM | BT43: 0.2 | BU43: 5.848 | BV43: -63.9008 | BW43: 36.55 | BX43: 10-24-2025-Fri 18-52-37-PM | BY43: 0.4 | BZ43: 5.86 | CA43: -60.708 | CB43: 18.3125 | CC43: 10-24-2025-Fri 18-52-37-PM | CD43: 0.1 | CE43: 5.856 | CF43: -55.899 | CG43: 73.2 | CH43: 10-24-2025-Fri 18-52-37-PM | CI43: 0.2 | CJ43: 5.856 | CK43: -53.6569 | CL43: 36.6 | CM43: 10-24-2025-Fri 18-52-37-PM | CN43: 0.1 | CO43: 5.86 | CP43: -56.998 | CQ43: 73.25 | CR43: 10-24-2025-Fri 18-52-37-PM | CS43: 0 | CT43: 5.856 | CU43: -57.8778 | CV43: inf | CW43: 10-24-2025-Fri 18-52-37-PM | CX43: 0.1 | CY43: 5.852 | CZ43: -60.181 | DA43: 73.15 | DB43: 10-24-2025-Fri 18-52-37-PM | DC43: 0.2 | DD43: 5.856 | DE43: -56.4606 | DF43: 36.6 | DG43: 10-24-2025-Fri 18-52-37-PM | DH43: 0.1 | DI43: 5.856 | DJ43: -57.492 | DK43: 73.2 | DL43: 10-24-2025-Fri 18-52-37-PM | DM43: 0.2 | DN43: 5.86 | DO43: -54.2509 | DP43: 36.625 | DQ43: 09-05-2025-Fri 20-22-52-PM | DR43: 0 | DS43: 5.9 | DT43: -69.9756 | DU43: inf | DV43: 09-05-2025-Fri 20-22-52-PM | DW43: -0.2 | DX43: 5.912 | DY43: -68.203 | DZ43: -36.95 | EA43: 09-05-2025-Fri 20-22-52-PM | EB43: 0.2 | EC43: 5.908 | ED43: -68.2039 | EE43: 36.925 | EF43: 09-05-2025-Fri 20-22-52-PM | EG43: 0.3 | EH43: 5.912 | EI43: -66.376 | EJ43: 24.6333 | EK43: 09-27-2025-Sat 13-32-11-PM | EL43: 0 | EM43: 5.96 | EN43: -71.1233 | EO43: inf | EP43: 09-27-2025-Sat 13-32-11-PM | EQ43: 0 | ER43: 5.976 | ES43: -69.034 | ET43: inf | EU43: 09-27-2025-Sat 13-32-11-PM | EV43: -0.2 | EW43: 5.96 | EX43: -69.6804 | EY43: -37.25 | EZ43: 09-27-2025-Sat 13-32-11-PM | FA43: 0.1 | FB43: 5.968 | FC43: -68.515 | FD43: 74.6 | FE43: 09-27-2025-Sat 13-32-11-PM | FF43: 0.1 | FG43: 5.96 | FH43: -74.1375 | FI43: 74.5 | FJ43: 09-27-2025-Sat 13-32-11-PM | FK43: -0.1 | FL43: 5.972 | FM43: -70.585 | FN43: -74.65 | FO43: 09-27-2025-Sat 13-32-11-PM | FP43: 0 | FQ43: 5.972 | FR43: -71.8771 | FS43: inf | FT43: 09-27-2025-Sat 13-32-11-PM | FU43: 0 | FV43: 5.968 | FW43: -69.591 | FX43: inf | FY43: 09-27-2025-Sat 13-32-11-PM | FZ43: 0 | GA43: 5.972 | GB43: -67.732 | GC43: inf | GD43: 09-27-2025-Sat 13-32-11-PM | GE43: 0.3 | GF43: 5.972 | GG43: -66.2994 | GH43: 24.8833 | GI43: 09-27-2025-Sat 13-32-11-PM | GJ43: -0.2 | GK43: 5.972 | GL43: -67.777 | GM43: -37.325 | GN43: 09-27-2025-Sat 13-32-11-PM | GO43: 0.3 | GP43: 5.972 | GQ43: -67.3504 | GR43: 24.8833 | GS43: 09-27-2025-Sat 13-32-11-PM | GT43: 0.2 | GU43: 5.964 | GV43: -69.939 | GW43: 37.275 | GX43: 09-27-2025-Sat 13-32-11-PM | GY43: 0.2 | GZ43: 5.972 | HA43: -65.7411 | HB43: 37.325 | HC43: 09-27-2025-Sat 13-32-11-PM | HD43: 0.1 | HE43: 5.972 | HF43: -67.797 | HG43: 74.65 | HH43: 09-27-2025-Sat 13-32-11-PM | HI43: -0.1 | HJ43: 5.976 | HK43: -65.774 | HL43: -74.7 | HM43: 08-29-2025-Fri 15-50-54-PM | HN43: 0.1 | HO43: 5.884 | HP43: -82.4729 | HQ43: 73.55 | HR43: 08-29-2025-Fri 15-50-54-PM | HS43: -0.1 | HT43: 5.892 | HU43: -82.277 | HV43: -73.65 | HW43: 08-29-2025-Fri 15-50-54-PM | HX43: -0.1 | HY43: 5.892 | HZ43: -82.0486 | IA43: -73.65 | IB43: 08-29-2025-Fri 15-50-54-PM | IC43: 0 | ID43: 5.888 | IE43: -81.7 | IF43: inf | IG43: 08-29-2025-Fri 15-50-54-PM | IH43: -0.1 | II43: 5.88 | IJ43: -81.2979 | IK43: -73.5 | IL43: 08-29-2025-Fri 15-50-54-PM | IM43: -0.1 | IN43: 5.896 | IO43: -81.646 | IP43: -73.7 | IQ43: 08-29-2025-Fri 15-50-54-PM | IR43: 0 | IS43: 5.88 | IT43: -82.9297 | IU43: inf | IV43: 08-29-2025-Fri 15-50-54-PM | IW43: 0.3 | IX43: 5.888 | IY43: -82.473 | IZ43: 24.5333
A44: 10-24-2025-Fri 18-52-39-PM | B44: -0.1 | C44: 5.848 | D44: -59.854 | E44: -73.1 | F44: 10-24-2025-Fri 18-52-39-PM | G44: 0.3 | H44: 5.86 | I44: -57.701 | J44: 24.4167 | K44: 10-24-2025-Fri 18-52-39-PM | L44: 0.2 | M44: 5.852 | N44: -59.4918 | O44: 36.575 | P44: 10-24-2025-Fri 18-52-39-PM | Q44: 0.1 | R44: 5.856 | S44: -58.718 | T44: 73.2 | U44: 10-24-2025-Fri 18-52-39-PM | V44: 0 | W44: 5.856 | X44: -61.8288 | Y44: inf | Z44: 10-24-2025-Fri 18-52-39-PM | AA44: -0.1 | AB44: 5.856 | AC44: -58.7 | AD44: -73.2 | AE44: 09-12-2025-Fri 12-31-57-PM | AF44: -0.1 | AG44: 5.948 | AH44: -54.3828 | AI44: -74.35 | AJ44: 09-12-2025-Fri 12-31-57-PM | AK44: 0.1 | AL44: 5.956 | AM44: -53.734 | AN44: 74.45 | AO44: 09-12-2025-Fri 12-31-57-PM | AP44: 0.3 | AQ44: 5.948 | AR44: -54.4158 | AS44: 24.7833 | AT44: 09-12-2025-Fri 12-31-57-PM | AU44: 0.3 | AV44: 5.952 | AW44: -54.119 | AX44: 24.8 | AY44: 09-12-2025-Fri 12-31-57-PM | AZ44: 0.2 | BA44: 5.948 | BB44: -58.8331 | BC44: 37.175 | BD44: 09-12-2025-Fri 12-31-57-PM | BE44: 0.4 | BF44: 5.952 | BG44: -55.954 | BH44: 18.6 | BI44: 09-12-2025-Fri 12-31-57-PM | BJ44: 0.1 | BK44: 5.956 | BL44: -55.3724 | BM44: 74.45 | BN44: 09-12-2025-Fri 12-31-57-PM | BO44: 0.2 | BP44: 5.956 | BQ44: -54.042 | BR44: 37.225 | BS44: 10-24-2025-Fri 18-52-39-PM | BT44: 0 | BU44: 5.848 | BV44: -63.9337 | BW44: inf | BX44: 10-24-2025-Fri 18-52-39-PM | BY44: 0.2 | BZ44: 5.856 | CA44: -60.752 | CB44: 36.6 | CC44: 10-24-2025-Fri 18-52-39-PM | CD44: 0.3 | CE44: 5.86 | CF44: -56.009 | CG44: 24.4167 | CH44: 10-24-2025-Fri 18-52-39-PM | CI44: 0.3 | CJ44: 5.856 | CK44: -53.756 | CL44: 24.4 | CM44: 10-24-2025-Fri 18-52-39-PM | CN44: 0.1 | CO44: 5.856 | CP44: -57.064 | CQ44: 73.2 | CR44: 10-24-2025-Fri 18-52-39-PM | CS44: 0.1 | CT44: 5.856 | CU44: -57.9437 | CV44: 73.2 | CW44: 10-24-2025-Fri 18-52-39-PM | CX44: 0.1 | CY44: 5.848 | CZ44: -60.214 | DA44: 73.1 | DB44: 10-24-2025-Fri 18-52-39-PM | DC44: 0.3 | DD44: 5.856 | DE44: -56.4935 | DF44: 24.4 | DG44: 10-24-2025-Fri 18-52-39-PM | DH44: 0.3 | DI44: 5.856 | DJ44: -57.579 | DK44: 24.4 | DL44: 10-24-2025-Fri 18-52-39-PM | DM44: 0.2 | DN44: 5.86 | DO44: -54.4158 | DP44: 36.625 | DQ44: 09-05-2025-Fri 20-23-09-PM | DR44: 0.1 | DS44: 5.904 | DT44: -70.4019 | DU44: 73.8 | DV44: 09-05-2025-Fri 20-23-09-PM | DW44: 0.3 | DX44: 5.912 | DY44: -68.554 | DZ44: 24.6333 | EA44: 09-05-2025-Fri 20-23-09-PM | EB44: 0 | EC44: 5.912 | ED44: -68.5321 | EE44: inf | EF44: 09-05-2025-Fri 20-23-09-PM | EG44: 0.1 | EH44: 5.908 | EI44: -66.628 | EJ44: 73.85 | EK44: 09-27-2025-Sat 13-32-13-PM | EL44: -0.1 | EM44: 5.96 | EN44: -71.1888 | EO44: -74.5 | EP44: 09-27-2025-Sat 13-32-13-PM | EQ44: 0.2 | ER44: 5.972 | ES44: -69.089 | ET44: 37.325 | EU44: 09-27-2025-Sat 13-32-13-PM | EV44: -0.2 | EW44: 5.96 | EX44: -69.7459 | EY44: -37.25 | EZ44: 09-27-2025-Sat 13-32-13-PM | FA44: 0.3 | FB44: 5.964 | FC44: -68.581 | FD44: 24.85 | FE44: 09-27-2025-Sat 13-32-13-PM | FF44: 0 | FG44: 5.96 | FH44: -74.1702 | FI44: inf | FJ44: 09-27-2025-Sat 13-32-13-PM | FK44: 0 | FL44: 5.968 | FM44: -70.64 | FN44: inf | FO44: 09-27-2025-Sat 13-32-13-PM | FP44: -0.3 | FQ44: 5.968 | FR44: -71.9427 | FS44: -24.8667 | FT44: 09-27-2025-Sat 13-32-13-PM | FU44: 0 | FV44: 5.972 | FW44: -69.646 | FX44: inf | FY44: 09-27-2025-Sat 13-32-13-PM | FZ44: 0.2 | GA44: 5.972 | GB44: -67.776 | GC44: 37.325 | GD44: 09-27-2025-Sat 13-32-13-PM | GE44: 0 | GF44: 5.972 | GG44: -66.3324 | GH44: inf | GI44: 09-27-2025-Sat 13-32-13-PM | GJ44: 0.1 | GK44: 5.972 | GL44: -67.831 | GM44: 74.65 | GN44: 09-27-2025-Sat 13-32-13-PM | GO44: 0 | GP44: 5.972 | GQ44: -67.4161 | GR44: inf | GS44: 09-27-2025-Sat 13-32-13-PM | GT44: -0.1 | GU44: 5.964 | GV44: -69.988 | GW44: -74.55 | GX44: 09-27-2025-Sat 13-32-13-PM | GY44: 0.2 | GZ44: 5.972 | HA44: -65.8068 | HB44: 37.325 | HC44: 09-27-2025-Sat 13-32-13-PM | HD44: 0.1 | HE44: 5.972 | HF44: -67.852 | HG44: 74.65 | HH44: 09-27-2025-Sat 13-32-13-PM | HI44: -0.1 | HJ44: 5.972 | HK44: -65.8068 | HL44: -74.65 | HM44: 08-29-2025-Fri 15-50-56-PM | HN44: 0.1 | HO44: 5.884 | HP44: -82.5055 | HQ44: 73.55 | HR44: 08-29-2025-Fri 15-50-56-PM | HS44: -0.2 | HT44: 5.892 | HU44: -82.299 | HV44: -36.825 | HW44: 08-29-2025-Fri 15-50-56-PM | HX44: 0 | HY44: 5.892 | HZ44: -82.0813 | IA44: inf | IB44: 08-29-2025-Fri 15-50-56-PM | IC44: 0 | ID44: 5.888 | IE44: -81.722 | IF44: inf | IG44: 08-29-2025-Fri 15-50-56-PM | IH44: 0 | II44: 5.88 | IJ44: -81.3306 | IK44: inf | IL44: 08-29-2025-Fri 15-50-56-PM | IM44: 0 | IN44: 5.896 | IO44: -81.678 | IP44: inf | IQ44: 08-29-2025-Fri 15-50-56-PM | IR44: 0.1 | IS44: 5.884 | IT44: -82.9948 | IU44: 73.55 | IV44: 08-29-2025-Fri 15-50-56-PM | IW44: 0.4 | IX44: 5.892 | IY44: -82.522 | IZ44: 18.4125
A45: 10-24-2025-Fri 18-52-42-PM | B45: -0.1 | C45: 5.848 | D45: -59.9199 | E45: -73.1 | F45: 10-24-2025-Fri 18-52-42-PM | G45: 0 | H45: 5.86 | I45: -57.755 | J45: inf | K45: 10-24-2025-Fri 18-52-42-PM | L45: -0.2 | M45: 5.848 | N45: -59.5576 | O45: -36.55 | P45: 10-24-2025-Fri 18-52-42-PM | Q45: 0.2 | R45: 5.856 | S45: -58.784 | T45: 36.6 | U45: 10-24-2025-Fri 18-52-42-PM | V45: 0.1 | W45: 5.856 | X45: -61.8947 | Y45: 73.2 | Z45: 10-24-2025-Fri 18-52-42-PM | AA45: 0 | AB45: 5.856 | AC45: -58.732 | AD45: inf | AE45: 09-12-2025-Fri 12-32-00-PM | AF45: 0 | AG45: 5.948 | AH45: -54.4158 | AI45: inf | AJ45: 09-12-2025-Fri 12-32-00-PM | AK45: 0.1 | AL45: 5.96 | AM45: -53.778 | AN45: 74.5 | AO45: 09-12-2025-Fri 12-32-00-PM | AP45: 0.1 | AQ45: 5.952 | AR45: -54.4818 | AS45: 74.4 | AT45: 09-12-2025-Fri 12-32-00-PM | AU45: 0 | AV45: 5.952 | AW45: -54.201 | AX45: inf | AY45: 09-12-2025-Fri 12-32-00-PM | AZ45: 0.3 | BA45: 5.952 | BB45: -58.899 | BC45: 24.8 | BD45: 09-12-2025-Fri 12-32-00-PM | BE45: 0.2 | BF45: 5.952 | BG45: -55.943 | BH45: 37.2 | BI45: 09-12-2025-Fri 12-32-00-PM | BJ45: 0.1 | BK45: 5.956 | BL45: -55.4054 | BM45: 74.45 | BN45: 09-12-2025-Fri 12-32-00-PM | BO45: 0.4 | BP45: 5.956 | BQ45: -54.075 | BR45: 18.6125 | BS45: 10-24-2025-Fri 18-52-42-PM | BT45: 0.2 | BU45: 5.848 | BV45: -64.0323 | BW45: 36.55 | BX45: 10-24-2025-Fri 18-52-42-PM | BY45: 0 | BZ45: 5.856 | CA45: -60.829 | CB45: inf | CC45: 10-24-2025-Fri 18-52-42-PM | CD45: 0.6 | CE45: 5.856 | CF45: -56.031 | CG45: 12.2 | CH45: 10-24-2025-Fri 18-52-42-PM | CI45: 0.3 | CJ45: 5.856 | CK45: -53.7889 | CL45: 24.4 | CM45: 10-24-2025-Fri 18-52-42-PM | CN45: -0.1 | CO45: 5.856 | CP45: -57.119 | CQ45: -73.2 | CR45: 10-24-2025-Fri 18-52-42-PM | CS45: 0.3 | CT45: 5.856 | CU45: -58.0095 | CV45: 24.4 | CW45: 10-24-2025-Fri 18-52-42-PM | CX45: 0.3 | CY45: 5.852 | CZ45: -60.296 | DA45: 24.3833 | DB45: 10-24-2025-Fri 18-52-42-PM | DC45: 0.2 | DD45: 5.856 | DE45: -56.5595 | DF45: 36.6 | DG45: 10-24-2025-Fri 18-52-42-PM | DH45: 0.2 | DI45: 5.856 | DJ45: -57.612 | DK45: 36.6 | DL45: 10-24-2025-Fri 18-52-42-PM | DM45: 0.2 | DN45: 5.86 | DO45: -54.3828 | DP45: 36.625 | DQ45: 09-05-2025-Fri 20-23-11-PM | DR45: 0.3 | DS45: 5.904 | DT45: -70.4675 | DU45: 24.6 | DV45: 09-05-2025-Fri 20-23-11-PM | DW45: 0 | DX45: 5.912 | DY45: -68.586 | DZ45: inf | EA45: 09-05-2025-Fri 20-23-11-PM | EB45: -0.1 | EC45: 5.912 | ED45: -68.5649 | EE45: -73.9 | EF45: 09-05-2025-Fri 20-23-11-PM | EG45: -0.1 | EH45: 5.912 | EI45: -66.682 | EJ45: -73.9 | EK45: 09-27-2025-Sat 13-32-15-PM | EL45: -0.1 | EM45: 5.96 | EN45: -71.2544 | EO45: -74.5 | EP45: 09-27-2025-Sat 13-32-15-PM | EQ45: 0.3 | ER45: 5.976 | ES45: -69.144 | ET45: 24.9 | EU45: 09-27-2025-Sat 13-32-15-PM | EV45: 0 | EW45: 5.956 | EX45: -69.7788 | EY45: inf | EZ45: 09-27-2025-Sat 13-32-15-PM | FA45: 0 | FB45: 5.964 | FC45: -68.614 | FD45: inf | FE45: 09-27-2025-Sat 13-32-15-PM | FF45: 0.4 | FG45: 5.964 | FH45: -74.203 | FI45: 18.6375 | FJ45: 09-27-2025-Sat 13-32-15-PM | FK45: 0.1 | FL45: 5.972 | FM45: -70.695 | FN45: 74.65 | FO45: 09-27-2025-Sat 13-32-15-PM | FP45: 0 | FQ45: 5.968 | FR45: -71.9755 | FS45: inf | FT45: 09-27-2025-Sat 13-32-15-PM | FU45: 0.2 | FV45: 5.968 | FW45: -69.723 | FX45: 37.3 | FY45: 09-27-2025-Sat 13-32-15-PM | FZ45: 0.1 | GA45: 5.972 | GB45: -67.864 | GC45: 74.65 | GD45: 09-27-2025-Sat 13-32-15-PM | GE45: 0.2 | GF45: 5.972 | GG45: -66.3981 | GH45: 37.325 | GI45: 09-27-2025-Sat 13-32-15-PM | GJ45: 0.2 | GK45: 5.968 | GL45: -67.875 | GM45: 37.3 | GN45: 09-27-2025-Sat 13-32-15-PM | GO45: 0.3 | GP45: 5.972 | GQ45: -67.4488 | GR45: 24.8833 | GS45: 09-27-2025-Sat 13-32-15-PM | GT45: 0.1 | GU45: 5.968 | GV45: -70.054 | GW45: 74.6 | GX45: 09-27-2025-Sat 13-32-15-PM | GY45: 0.2 | GZ45: 5.968 | HA45: -65.9054 | HB45: 37.3 | HC45: 09-27-2025-Sat 13-32-15-PM | HD45: 0.2 | HE45: 5.972 | HF45: -67.94 | HG45: 37.325 | HH45: 09-27-2025-Sat 13-32-15-PM | HI45: -0.3 | HJ45: 5.976 | HK45: -65.9383 | HL45: -24.9 | HM45: 08-29-2025-Fri 15-53-46-PM | HN45: 0.2 | HO45: 5.888 | HP45: -84.593 | HQ45: 36.8 | HR45: 08-29-2025-Fri 15-53-46-PM | HS45: 0.1 | HT45: 5.896 | HU45: -84.397 | HV45: 73.7 | HW45: 08-29-2025-Fri 15-53-46-PM | HX45: 0.1 | HY45: 5.896 | HZ45: -84.1691 | IA45: 73.7 | IB45: 08-29-2025-Fri 15-53-46-PM | IC45: -0.1 | ID45: 5.896 | IE45: -83.799 | IF45: -73.7 | IG45: 08-29-2025-Fri 15-53-46-PM | IH45: 0 | II45: 5.888 | IJ45: -83.419 | IK45: inf | IL45: 08-29-2025-Fri 15-53-46-PM | IM45: 0.2 | IN45: 5.9 | IO45: -83.723 | IP45: 36.875 | IQ45: 08-29-2025-Fri 15-53-46-PM | IR45: -0.1 | IS45: 5.884 | IT45: -85.0493 | IU45: -73.55 | IV45: 08-29-2025-Fri 15-53-46-PM | IW45: 0.1 | IX45: 5.896 | IY45: -84.577 | IZ45: 73.7
A46: 10-24-2025-Fri 18-52-44-PM | B46: -0.1 | C46: 5.848 | D46: -59.9857 | E46: -73.1 | F46: 10-24-2025-Fri 18-52-44-PM | G46: 0 | H46: 5.86 | I46: -57.821 | J46: inf | K46: 10-24-2025-Fri 18-52-44-PM | L46: 0.1 | M46: 5.848 | N46: -59.6236 | O46: 73.1 | P46: 10-24-2025-Fri 18-52-44-PM | Q46: 0.2 | R46: 5.856 | S46: -58.866 | T46: 36.6 | U46: 10-24-2025-Fri 18-52-44-PM | V46: 0.1 | W46: 5.86 | X46: -61.9604 | Y46: 73.25 | Z46: 10-24-2025-Fri 18-52-44-PM | AA46: 0.1 | AB46: 5.856 | AC46: -58.82 | AD46: 73.2 | AE46: 09-12-2025-Fri 12-32-02-PM | AF46: -0.1 | AG46: 5.948 | AH46: -54.4488 | AI46: -74.35 | AJ46: 09-12-2025-Fri 12-32-02-PM | AK46: 0.1 | AL46: 5.964 | AM46: -53.811 | AN46: 74.55 | AO46: 09-12-2025-Fri 12-32-02-PM | AP46: -0.1 | AQ46: 5.948 | AR46: -54.5148 | AS46: -74.35 | AT46: 09-12-2025-Fri 12-32-02-PM | AU46: 0.3 | AV46: 5.956 | AW46: -54.218 | AX46: 24.8167 | AY46: 09-12-2025-Fri 12-32-02-PM | AZ46: 0.1 | BA46: 5.948 | BB46: -58.932 | BC46: 74.35 | BD46: 09-12-2025-Fri 12-32-02-PM | BE46: 0.2 | BF46: 5.956 | BG46: -56.02 | BH46: 37.225 | BI46: 09-12-2025-Fri 12-32-02-PM | BJ46: -0.2 | BK46: 5.96 | BL46: -55.4383 | BM46: -37.25 | BN46: 09-12-2025-Fri 12-32-02-PM | BO46: 0.2 | BP46: 5.96 | BQ46: -54.108 | BR46: 37.25 | BS46: 10-24-2025-Fri 18-52-44-PM | BT46: 0.1 | BU46: 5.848 | BV46: -64.1309 | BW46: 73.1 | BX46: 10-24-2025-Fri 18-52-44-PM | BY46: 0.1 | BZ46: 5.856 | CA46: -60.895 | CB46: 73.2 | CC46: 10-24-2025-Fri 18-52-44-PM | CD46: 0.2 | CE46: 5.856 | CF46: -56.119 | CG46: 36.6 | CH46: 10-24-2025-Fri 18-52-44-PM | CI46: 0.3 | CJ46: 5.856 | CK46: -53.855 | CL46: 24.4 | CM46: 10-24-2025-Fri 18-52-44-PM | CN46: 0.3 | CO46: 5.856 | CP46: -57.196 | CQ46: 24.4 | CR46: 10-24-2025-Fri 18-52-44-PM | CS46: 0.2 | CT46: 5.856 | CU46: -58.1084 | CV46: 36.6 | CW46: 10-24-2025-Fri 18-52-44-PM | CX46: 0.2 | CY46: 5.852 | CZ46: -60.362 | DA46: 36.575 | DB46: 10-24-2025-Fri 18-52-44-PM | DC46: 0 | DD46: 5.856 | DE46: -56.5923 | DF46: inf | DG46: 10-24-2025-Fri 18-52-44-PM | DH46: 0.3 | DI46: 5.856 | DJ46: -57.689 | DK46: 24.4 | DL46: 10-24-2025-Fri 18-52-44-PM | DM46: 0.2 | DN46: 5.86 | DO46: -54.5148 | DP46: 36.625 | DQ46: 09-05-2025-Fri 20-23-13-PM | DR46: 0.3 | DS46: 5.904 | DT46: -70.5331 | DU46: 24.6 | DV46: 09-05-2025-Fri 20-23-13-PM | DW46: 0.1 | DX46: 5.912 | DY46: -68.619 | DZ46: 73.9 | EA46: 09-05-2025-Fri 20-23-13-PM | EB46: 0.1 | EC46: 5.912 | ED46: -68.5977 | EE46: 73.9 | EF46: 09-05-2025-Fri 20-23-13-PM | EG46: 0.1 | EH46: 5.908 | EI46: -66.715 | EJ46: 73.85 | EK46: 09-27-2025-Sat 13-32-18-PM | EL46: 0.3 | EM46: 5.956 | EN46: -71.2872 | EO46: 24.8167 | EP46: 09-27-2025-Sat 13-32-18-PM | EQ46: 0.3 | ER46: 5.972 | ES46: -69.177 | ET46: 24.8833 | EU46: 09-27-2025-Sat 13-32-18-PM | EV46: -0.2 | EW46: 5.96 | EX46: -69.8116 | EY46: -37.25 | EZ46: 09-27-2025-Sat 13-32-18-PM | FA46: 0.1 | FB46: 5.964 | FC46: -68.663 | FD46: 74.55 | FE46: 09-27-2025-Sat 13-32-18-PM | FF46: 0.2 | FG46: 5.96 | FH46: -74.2685 | FI46: 37.25 | FJ46: 09-27-2025-Sat 13-32-18-PM | FK46: 0.3 | FL46: 5.972 | FM46: -70.738 | FN46: 24.8833 | FO46: 09-27-2025-Sat 13-32-18-PM | FP46: 0 | FQ46: 5.972 | FR46: -72.041 | FS46: inf | FT46: 09-27-2025-Sat 13-32-18-PM | FU46: 0.2 | FV46: 5.968 | FW46: -69.756 | FX46: 37.3 | FY46: 09-27-2025-Sat 13-32-18-PM | FZ46: 0.1 | GA46: 5.972 | GB46: -67.885 | GC46: 74.65 | GD46: 09-27-2025-Sat 13-32-18-PM | GE46: 0.1 | GF46: 5.972 | GG46: -66.4309 | GH46: 74.65 | GI46: 09-27-2025-Sat 13-32-18-PM | GJ46: -0.1 | GK46: 5.976 | GL46: -67.919 | GM46: -74.7 | GN46: 09-27-2025-Sat 13-32-18-PM | GO46: 0.1 | GP46: 5.972 | GQ46: -67.5146 | GR46: 74.65 | GS46: 09-27-2025-Sat 13-32-18-PM | GT46: 0.2 | GU46: 5.964 | GV46: -70.087 | GW46: 37.275 | GX46: 09-27-2025-Sat 13-32-18-PM | GY46: 0.3 | GZ46: 5.972 | HA46: -65.9054 | HB46: 24.8833 | HC46: 09-27-2025-Sat 13-32-18-PM | HD46: 0.4 | HE46: 5.972 | HF46: -67.962 | HG46: 18.6625 | HH46: 09-27-2025-Sat 13-32-18-PM | HI46: 0.1 | HJ46: 5.976 | HK46: -65.9383 | HL46: 74.7 | HM46: 08-29-2025-Fri 15-53-48-PM | HN46: 0.1 | HO46: 5.888 | HP46: -84.6255 | HQ46: 73.6 | HR46: 08-29-2025-Fri 15-53-48-PM | HS46: -0.1 | HT46: 5.892 | HU46: -84.408 | HV46: -73.65 | HW46: 08-29-2025-Fri 15-53-48-PM | HX46: -0.1 | HY46: 5.896 | HZ46: -84.1691 | IA46: -73.7 | IB46: 08-29-2025-Fri 15-53-48-PM | IC46: -0.1 | ID46: 5.892 | IE46: -83.799 | IF46: -73.65 | IG46: 08-29-2025-Fri 15-53-48-PM | IH46: 0 | II46: 5.884 | IJ46: -83.419 | IK46: inf | IL46: 08-29-2025-Fri 15-53-48-PM | IM46: 0.1 | IN46: 5.9 | IO46: -83.734 | IP46: 73.75 | IQ46: 08-29-2025-Fri 15-53-48-PM | IR46: -0.2 | IS46: 5.888 | IT46: -85.0493 | IU46: -36.8 | IV46: 08-29-2025-Fri 15-53-48-PM | IW46: 0.2 | IX46: 5.888 | IY46: -84.593 | IZ46: 36.8
A47: 10-24-2025-Fri 18-52-46-PM | B47: 0.1 | C47: 5.848 | D47: -60.0515 | E47: 73.1 | F47: 10-24-2025-Fri 18-52-46-PM | G47: 0 | H47: 5.86 | I47: -57.876 | J47: inf | K47: 10-24-2025-Fri 18-52-46-PM | L47: 0.1 | M47: 5.852 | N47: -59.6564 | O47: 73.15 | P47: 10-24-2025-Fri 18-52-46-PM | Q47: 0.1 | R47: 5.852 | S47: -58.882 | T47: 73.15 | U47: 10-24-2025-Fri 18-52-46-PM | V47: -0.3 | W47: 5.856 | X47: -62.0261 | Y47: -24.4 | Z47: 10-24-2025-Fri 18-52-46-PM | AA47: 0.2 | AB47: 5.856 | AC47: -58.886 | AD47: 36.6 | AE47: 09-12-2025-Fri 12-32-04-PM | AF47: -0.1 | AG47: 5.952 | AH47: -54.4818 | AI47: -74.4 | AJ47: 09-12-2025-Fri 12-32-04-PM | AK47: 0.1 | AL47: 5.968 | AM47: -53.844 | AN47: 74.6 | AO47: 09-12-2025-Fri 12-32-04-PM | AP47: 0.1 | AQ47: 5.952 | AR47: -54.5478 | AS47: 74.4 | AT47: 09-12-2025-Fri 12-32-04-PM | AU47: -0.1 | AV47: 5.956 | AW47: -54.251 | AX47: -74.45 | AY47: 09-12-2025-Fri 12-32-04-PM | AZ47: 0.3 | BA47: 5.952 | BB47: -58.9978 | BC47: 24.8 | BD47: 09-12-2025-Fri 12-32-04-PM | BE47: 0.2 | BF47: 5.96 | BG47: -56.02 | BH47: 37.25 | BI47: 09-12-2025-Fri 12-32-04-PM | BJ47: 0.2 | BK47: 5.964 | BL47: -55.5044 | BM47: 37.275 | BN47: 09-12-2025-Fri 12-32-04-PM | BO47: 0.3 | BP47: 5.96 | BQ47: -54.163 | BR47: 24.8333 | BS47: 10-24-2025-Fri 18-52-46-PM | BT47: 0 | BU47: 5.848 | BV47: -64.1637 | BW47: inf | BX47: 10-24-2025-Fri 18-52-46-PM | BY47: 0.1 | BZ47: 5.852 | CA47: -60.949 | CB47: 73.15 | CC47: 10-24-2025-Fri 18-52-46-PM | CD47: 0.5 | CE47: 5.856 | CF47: -56.184 | CG47: 14.64 | CH47: 10-24-2025-Fri 18-52-46-PM | CI47: 0.2 | CJ47: 5.856 | CK47: -53.9209 | CL47: 36.6 | CM47: 10-24-2025-Fri 18-52-46-PM | CN47: 0.1 | CO47: 5.86 | CP47: -57.229 | CQ47: 73.25 | CR47: 10-24-2025-Fri 18-52-46-PM | CS47: 0.2 | CT47: 5.86 | CU47: -58.1084 | CV47: 36.625 | CW47: 10-24-2025-Fri 18-52-46-PM | CX47: 0.2 | CY47: 5.848 | CZ47: -60.411 | DA47: 36.55 | DB47: 10-24-2025-Fri 18-52-46-PM | DC47: 0.4 | DD47: 5.856 | DE47: -56.6583 | DF47: 18.3 | DG47: 10-24-2025-Fri 18-52-46-PM | DH47: 0.2 | DI47: 5.86 | DJ47: -57.755 | DK47: 36.625 | DL47: 10-24-2025-Fri 18-52-46-PM | DM47: 0.1 | DN47: 5.86 | DO47: -54.5808 | DP47: 73.25 | DQ47: 09-05-2025-Fri 20-23-16-PM | DR47: -0.1 | DS47: 5.9 | DT47: -70.5659 | DU47: -73.75 | DV47: 09-05-2025-Fri 20-23-16-PM | DW47: 0.4 | DX47: 5.908 | DY47: -68.652 | DZ47: 18.4625 | EA47: 09-05-2025-Fri 20-23-16-PM | EB47: 0 | EC47: 5.912 | ED47: -68.6634 | EE47: inf | EF47: 09-05-2025-Fri 20-23-16-PM | EG47: 0.2 | EH47: 5.912 | EI47: -66.759 | EJ47: 36.95 | EK47: 09-27-2025-Sat 13-32-20-PM | EL47: -0.1 | EM47: 5.96 | EN47: -71.32 | EO47: -74.5 | EP47: 09-27-2025-Sat 13-32-20-PM | EQ47: 0 | ER47: 5.972 | ES47: -69.231 | ET47: inf | EU47: 09-27-2025-Sat 13-32-20-PM | EV47: 0.3 | EW47: 5.96 | EX47: -69.8772 | EY47: 24.8333 | EZ47: 09-27-2025-Sat 13-32-20-PM | FA47: 0.1 | FB47: 5.968 | FC47: -68.712 | FD47: 74.6 | FE47: 09-27-2025-Sat 13-32-20-PM | FF47: 0.2 | FG47: 5.968 | FH47: -74.3012 | FI47: 37.3 | FJ47: 09-27-2025-Sat 13-32-20-PM | FK47: 0.2 | FL47: 5.972 | FM47: -70.804 | FN47: 37.325 | FO47: 09-27-2025-Sat 13-32-20-PM | FP47: -0.1 | FQ47: 5.968 | FR47: -72.1065 | FS47: -74.6 | FT47: 09-27-2025-Sat 13-32-20-PM | FU47: 0.1 | FV47: 5.968 | FW47: -69.81 | FX47: 74.6 | FY47: 09-27-2025-Sat 13-32-20-PM | FZ47: -0.1 | GA47: 5.976 | GB47: -67.94 | GC47: -74.7 | GD47: 09-27-2025-Sat 13-32-20-PM | GE47: -0.1 | GF47: 5.972 | GG47: -66.4967 | GH47: -74.65 | GI47: 09-27-2025-Sat 13-32-20-PM | GJ47: -0.1 | GK47: 5.976 | GL47: -67.974 | GM47: -74.7 | GN47: 09-27-2025-Sat 13-32-20-PM | GO47: 0.1 | GP47: 5.972 | GQ47: -67.5474 | GR47: 74.65 | GS47: 09-27-2025-Sat 13-32-20-PM | GT47: -0.4 | GU47: 5.964 | GV47: -70.153 | GW47: -18.6375 | GX47: 09-27-2025-Sat 13-32-20-PM | GY47: 0.1 | GZ47: 5.968 | HA47: -66.0039 | HB47: 74.6 | HC47: 09-27-2025-Sat 13-32-20-PM | HD47: 0.1 | HE47: 5.972 | HF47: -68.038 | HG47: 74.65 | HH47: 09-27-2025-Sat 13-32-20-PM | HI47: 0.2 | HJ47: 5.976 | HK47: -66.0039 | HL47: 37.35 | HM47: 08-29-2025-Fri 15-53-51-PM | HN47: 0.2 | HO47: 5.888 | HP47: -84.6582 | HQ47: 36.8 | HR47: 08-29-2025-Fri 15-53-51-PM | HS47: 0.2 | HT47: 5.896 | HU47: -84.419 | HV47: 36.85 | HW47: 08-29-2025-Fri 15-53-51-PM | HX47: -0.1 | HY47: 5.896 | HZ47: -84.1691 | IA47: -73.7 | IB47: 08-29-2025-Fri 15-53-51-PM | IC47: 0.1 | ID47: 5.892 | IE47: -83.821 | IF47: 73.65 | IG47: 08-29-2025-Fri 15-53-51-PM | IH47: 0.2 | II47: 5.884 | IJ47: -83.4842 | IK47: 36.775 | IL47: 08-29-2025-Fri 15-53-51-PM | IM47: 0.2 | IN47: 5.9 | IO47: -83.767 | IP47: 36.875 | IQ47: 08-29-2025-Fri 15-53-51-PM | IR47: 0 | IS47: 5.888 | IT47: -85.0819 | IU47: inf | IV47: 08-29-2025-Fri 15-53-51-PM | IW47: 0 | IX47: 5.892 | IY47: -84.609 | IZ47: inf
